logic,logic_speed,logic_confidence,syntax,syntax_speed,syntax_confidence,algorithm,algorithm_speed,algorithm_confidence,hardware,hardware_speed,hardware_confidence,networking,networking_speed,networking_confidence,system_org,system_org_speed,system_org_confidence,creativity,creativity_speed,creativity_confidence,ui_design,ui_design_speed,ui_design_confidence,attention_detail,attention_detail_speed,attention_detail_confidence,problem_solving,problem_solving_speed,problem_solving_confidence,IT_accuracy,CS_accuracy,CE_accuracy,MMA_accuracy,IT_time_ratio,CS_time_ratio,CE_time_ratio,MMA_time_ratio,IT_interest,CS_interest,CE_interest,MMA_interest,target
0.562,0.966,0.81,0.719,0.409,0.495,0.341,0.906,0.644,0.796,0.314,0.649,0.883,0.449,0.602,0.428,0.513,0.476,0.602,0.504,0.575,0.398,0.505,0.424,0.619,0.85,0.674,0.66,0.715,0.597,0.656,0.521,0.796,0.5,0.519,0.064,0.686,0.496,0.225,0.045,0.016,0.714,MMA
0.976,0.866,0.882,0.368,0.779,0.562,0.385,0.647,0.423,0.937,0.481,0.741,0.518,0.664,0.6,0.429,0.979,0.759,0.958,0.926,0.962,0.945,0.362,0.593,0.332,0.528,0.407,0.49,0.88,0.656,0.474,0.617,0.937,0.952,0.178,0.244,0.519,0.356,0.114,0.271,0.053,0.562,MMA
0.352,0.991,0.726,0.439,0.304,0.435,0.795,0.81,0.857,0.352,0.551,0.375,0.904,0.736,0.786,0.344,0.518,0.396,0.811,0.746,0.856,0.631,0.384,0.55,0.833,0.693,0.817,0.646,0.666,0.641,0.624,0.598,0.352,0.721,0.373,0.099,0.449,0.435,0.022,0.096,0.027,0.855,MMA
0.52,0.656,0.67,0.475,0.587,0.582,0.46,0.354,0.365,0.413,0.951,0.743,0.743,0.91,0.887,0.431,0.925,0.686,0.865,0.927,0.86,0.377,0.46,0.404,0.873,0.903,0.789,0.658,0.592,0.569,0.587,0.546,0.413,0.621,0.083,0.495,0.049,0.306,0.034,0.109,0.755,0.103,CE
0.663,0.792,0.7,0.98,0.974,0.927,0.648,0.511,0.536,0.326,0.727,0.527,0.336,0.495,0.497,0.468,0.401,0.432,0.99,0.469,0.764,0.833,0.466,0.695,0.557,0.743,0.677,0.675,0.363,0.586,0.402,0.662,0.326,0.912,0.552,0.349,0.273,0.532,0.253,0.135,0.027,0.585,MMA
0.774,0.312,0.545,0.459,0.752,0.54,0.784,0.571,0.765,0.396,0.539,0.39,0.947,0.914,0.882,0.762,0.872,0.828,0.671,0.469,0.489,0.928,0.93,0.956,0.537,0.544,0.586,0.928,0.921,0.98,0.854,0.829,0.396,0.8,0.107,0.558,0.461,0.3,0.287,0.025,0.049,0.639,MMA
0.725,0.306,0.436,0.764,0.304,0.466,0.684,0.784,0.765,0.457,0.799,0.575,0.528,0.823,0.705,0.894,0.76,0.841,0.366,0.557,0.415,0.471,0.981,0.705,0.924,0.742,0.892,0.652,0.704,0.676,0.711,0.687,0.457,0.418,0.209,0.455,0.201,0.231,0.117,0.692,0.178,0.013,CS
0.752,0.424,0.676,0.968,0.94,0.928,0.311,0.95,0.616,0.977,0.975,1.0,0.506,0.57,0.608,0.522,0.419,0.482,0.955,0.787,0.885,0.368,0.731,0.647,0.398,0.663,0.606,0.819,0.788,0.844,0.514,0.627,0.977,0.662,0.506,0.313,0.025,0.241,0.108,0.085,0.403,0.404,CE
0.907,0.939,0.925,0.651,0.859,0.785,0.791,0.857,0.902,0.537,0.563,0.469,0.705,0.325,0.508,0.68,0.501,0.608,0.321,0.326,0.388,0.552,0.389,0.475,0.839,0.451,0.67,0.36,0.336,0.354,0.692,0.686,0.537,0.436,0.587,0.102,0.437,0.642,0.114,0.149,0.19,0.547,MMA
0.661,0.526,0.653,0.49,0.607,0.464,0.318,0.974,0.713,0.787,0.586,0.621,0.41,0.475,0.452,0.8,0.762,0.737,0.968,0.817,0.903,0.728,0.594,0.611,0.549,0.83,0.593,0.381,0.332,0.265,0.605,0.453,0.787,0.848,0.381,0.25,0.414,0.294,0.496,0.312,0.165,0.026,IT
0.644,0.631,0.572,0.604,0.579,0.614,0.745,0.332,0.513,0.738,0.652,0.766,0.761,0.414,0.502,0.75,0.319,0.551,0.958,0.703,0.808,0.75,0.621,0.695,0.959,0.57,0.857,0.934,0.437,0.599,0.756,0.774,0.738,0.854,0.634,0.518,0.348,0.338,0.077,0.013,0.072,0.837,MMA
0.35,0.523,0.506,0.316,0.87,0.55,0.383,0.788,0.611,0.914,0.815,0.925,0.497,0.424,0.511,0.865,0.993,0.912,0.56,0.843,0.67,0.952,0.901,0.912,0.826,0.828,0.748,0.932,0.654,0.858,0.681,0.555,0.914,0.756,0.292,0.344,0.185,0.128,0.123,0.717,0.157,0.003,CS
0.934,0.364,0.613,0.965,0.965,0.98,0.742,0.614,0.637,0.53,0.771,0.701,0.854,0.853,0.772,0.646,0.34,0.503,0.609,0.921,0.735,0.382,0.4,0.443,0.733,0.371,0.469,0.791,0.351,0.635,0.75,0.822,0.53,0.496,0.403,0.511,0.229,0.339,0.214,0.015,0.016,0.755,MMA
0.562,0.559,0.623,0.963,0.99,1.0,0.563,0.358,0.516,0.691,0.597,0.725,0.378,0.645,0.414,0.628,0.339,0.408,0.382,0.754,0.618,0.708,0.974,0.816,0.5,0.908,0.649,0.974,0.309,0.735,0.503,0.7,0.691,0.545,0.508,0.542,0.403,0.136,0.006,0.278,0.094,0.622,MMA
0.352,0.688,0.614,0.666,0.741,0.743,0.618,0.739,0.696,0.931,0.332,0.588,0.965,0.923,0.935,0.734,0.494,0.552,0.625,0.547,0.603,0.354,0.982,0.765,0.789,0.675,0.694,0.87,0.779,0.757,0.849,0.613,0.931,0.49,0.292,0.286,0.668,0.236,0.287,0.205,0.355,0.153,CE
0.729,0.593,0.748,0.906,0.332,0.524,0.564,0.867,0.813,0.405,0.716,0.537,0.979,0.889,1.0,0.628,0.59,0.564,0.339,0.905,0.685,1.0,0.998,1.0,0.838,0.961,0.97,0.473,0.615,0.47,0.804,0.589,0.405,0.67,0.26,0.27,0.284,0.048,0.572,0.173,0.048,0.207,IT
0.733,0.551,0.564,0.77,0.664,0.772,0.664,0.897,0.791,0.693,0.914,0.784,0.394,0.32,0.408,0.734,0.793,0.706,0.395,0.31,0.323,0.713,0.575,0.631,0.933,0.544,0.741,0.849,0.578,0.737,0.564,0.749,0.693,0.554,0.444,0.276,0.086,0.558,0.256,0.386,0.021,0.337,CS
0.644,0.481,0.554,0.986,0.645,0.781,0.743,0.468,0.521,0.39,0.39,0.32,0.397,0.749,0.509,0.542,0.928,0.73,0.767,0.421,0.532,0.329,0.418,0.329,0.424,0.362,0.317,0.623,0.444,0.506,0.47,0.67,0.39,0.548,0.161,0.526,0.61,0.58,0.199,0.333,0.011,0.457,CS
0.74,0.357,0.623,0.945,0.343,0.599,0.864,0.824,0.781,0.447,0.559,0.5,0.733,0.558,0.638,0.823,0.326,0.525,0.799,0.927,0.865,0.672,0.375,0.513,0.673,0.47,0.525,0.564,0.314,0.403,0.778,0.723,0.447,0.736,0.558,0.41,0.441,0.349,0.08,0.133,0.043,0.744,MMA
0.716,0.775,0.803,0.649,0.361,0.512,0.711,0.822,0.753,0.389,0.499,0.417,0.752,0.7,0.697,0.991,0.724,0.805,0.371,0.407,0.338,0.412,0.431,0.379,0.421,0.928,0.591,0.667,0.587,0.724,0.871,0.698,0.389,0.391,0.288,0.202,0.501,0.581,0.019,0.083,0.57,0.328,IT
0.872,0.481,0.61,0.768,0.951,0.871,0.7,0.496,0.652,0.431,0.527,0.464,0.655,0.47,0.485,0.727,0.502,0.631,0.408,0.637,0.529,0.336,0.536,0.363,0.344,0.993,0.633,0.867,0.478,0.709,0.691,0.813,0.431,0.372,0.514,0.512,0.473,0.414,0.408,0.259,0.182,0.152,CS
0.544,0.951,0.814,0.976,0.387,0.727,0.957,0.427,0.605,0.819,0.702,0.829,0.398,0.857,0.568,0.415,0.415,0.478,0.766,0.666,0.688,0.914,0.575,0.808,0.607,0.564,0.578,0.511,0.823,0.668,0.406,0.671,0.819,0.84,0.364,0.311,0.298,0.379,0.069,0.6,0.126,0.205,CS
0.935,0.737,0.759,0.958,0.739,0.816,0.397,0.856,0.651,0.673,0.926,0.857,0.406,0.518,0.412,0.821,0.323,0.586,0.834,0.914,0.842,0.875,0.377,0.695,0.389,0.578,0.543,0.405,0.46,0.477,0.613,0.579,0.673,0.854,0.58,0.204,0.074,0.355,0.299,0.24,0.278,0.183,MMA
0.476,0.542,0.445,0.936,0.708,0.802,0.623,0.963,0.724,0.71,0.654,0.705,0.313,0.91,0.698,0.696,0.788,0.826,0.795,0.407,0.616,0.725,0.597,0.708,0.954,0.948,0.941,0.379,0.989,0.752,0.504,0.493,0.71,0.76,0.151,0.248,0.346,0.498,0.024,0.466,0.375,0.134,CE
0.714,0.579,0.558,0.535,0.862,0.599,0.533,0.579,0.564,0.944,0.542,0.713,0.816,0.617,0.661,0.617,0.399,0.443,0.649,0.593,0.704,0.554,0.706,0.656,0.309,0.764,0.472,0.973,0.404,0.671,0.716,0.74,0.944,0.602,0.492,0.421,0.458,0.351,0.012,0.773,0.094,0.121,CS
0.347,0.825,0.528,0.929,0.444,0.624,0.326,0.63,0.491,0.346,0.843,0.585,0.667,0.609,0.618,0.692,0.409,0.487,0.903,0.962,0.907,0.49,0.751,0.602,0.318,0.409,0.407,0.761,0.319,0.485,0.68,0.478,0.346,0.696,0.491,0.272,0.157,0.143,0.174,0.739,0.013,0.073,CS
0.86,0.425,0.673,0.467,0.37,0.367,0.806,0.899,0.918,0.578,0.768,0.614,0.505,0.927,0.619,0.36,0.446,0.308,0.427,0.708,0.552,0.925,0.872,0.867,0.482,0.566,0.542,0.488,0.737,0.594,0.432,0.718,0.578,0.676,0.314,0.338,0.232,0.21,0.171,0.122,0.074,0.632,MMA
0.835,0.398,0.69,0.641,0.926,0.844,0.598,0.316,0.41,0.679,0.743,0.663,0.398,0.884,0.738,0.668,0.42,0.499,0.313,0.94,0.55,0.704,0.492,0.609,0.756,0.881,0.76,0.308,0.396,0.432,0.533,0.58,0.679,0.508,0.348,0.643,0.257,0.284,0.415,0.182,0.184,0.219,IT
0.423,0.94,0.665,0.568,0.663,0.525,0.416,0.817,0.533,0.722,0.472,0.575,0.502,0.549,0.569,0.508,0.696,0.597,0.765,0.956,0.907,0.45,0.322,0.339,0.717,0.336,0.526,0.718,0.534,0.68,0.505,0.519,0.722,0.608,0.377,0.122,0.528,0.361,0.052,0.036,0.598,0.314,CE
0.782,0.604,0.642,0.873,0.86,0.905,0.491,0.713,0.574,0.364,0.942,0.58,0.965,0.612,0.726,0.679,0.911,0.842,0.865,0.761,0.851,0.894,0.475,0.682,0.455,0.991,0.812,0.328,0.794,0.646,0.822,0.534,0.364,0.88,0.238,0.342,0.058,0.382,0.056,0.237,0.697,0.01,MMA
0.788,0.508,0.733,0.98,0.961,0.965,0.903,0.891,0.861,0.88,0.326,0.622,0.461,0.384,0.338,0.787,0.538,0.708,0.346,0.521,0.441,0.854,0.523,0.713,0.92,0.731,0.772,0.317,0.909,0.517,0.624,0.669,0.88,0.6,0.539,0.3,0.674,0.478,0.287,0.104,0.387,0.222,CE
0.999,0.545,0.825,0.581,0.636,0.634,0.912,0.989,1.0,0.592,0.595,0.641,0.467,0.377,0.393,0.501,0.507,0.451,0.329,0.313,0.419,0.599,0.569,0.62,0.453,0.965,0.766,0.363,0.592,0.553,0.484,0.758,0.592,0.464,0.558,0.233,0.405,0.559,0.622,0.135,0.204,0.039,IT
0.994,0.462,0.817,0.755,0.725,0.743,0.461,0.424,0.387,0.431,0.846,0.608,0.34,0.978,0.736,0.949,0.996,0.908,0.577,0.831,0.743,0.408,0.871,0.584,0.457,0.676,0.585,0.706,0.364,0.611,0.644,0.72,0.431,0.492,0.013,0.557,0.154,0.149,0.054,0.024,0.381,0.541,MMA
0.903,0.867,0.916,0.686,0.361,0.505,0.561,0.482,0.566,0.647,0.357,0.446,0.778,0.353,0.636,0.647,0.636,0.66,0.877,0.543,0.746,0.696,0.487,0.667,0.858,0.761,0.88,0.907,0.796,0.919,0.712,0.79,0.647,0.786,0.506,0.326,0.643,0.485,0.255,0.243,0.205,0.297,MMA
0.411,0.917,0.738,0.32,0.878,0.525,0.535,0.82,0.61,0.873,0.882,0.879,0.304,0.501,0.426,0.987,0.742,0.817,0.744,0.678,0.767,0.375,0.833,0.612,0.974,0.539,0.783,0.952,0.372,0.75,0.646,0.633,0.873,0.56,0.379,0.131,0.118,0.244,0.412,0.025,0.127,0.436,CE
0.347,0.708,0.497,0.735,0.332,0.608,0.981,0.978,1.0,0.391,0.831,0.516,0.315,0.527,0.419,0.839,0.778,0.798,0.492,0.998,0.73,0.616,0.415,0.574,0.786,0.455,0.537,0.776,0.758,0.722,0.577,0.701,0.391,0.554,0.347,0.157,0.169,0.294,0.455,0.025,0.086,0.434,IT
0.594,0.747,0.65,0.492,0.989,0.722,0.926,0.461,0.636,0.322,0.756,0.513,0.905,0.631,0.862,0.43,0.908,0.724,0.84,0.891,0.918,0.738,0.392,0.472,0.945,0.732,0.897,0.637,0.382,0.435,0.668,0.719,0.322,0.789,0.23,0.396,0.244,0.359,0.442,0.215,0.085,0.258,IT
0.345,0.707,0.48,0.858,0.517,0.679,0.308,0.351,0.308,0.636,0.72,0.636,0.786,0.902,0.9,0.328,0.636,0.403,0.469,0.991,0.659,0.649,0.733,0.731,0.692,0.307,0.465,0.662,0.362,0.482,0.557,0.438,0.636,0.559,0.231,0.471,0.28,0.138,0.044,0.107,0.662,0.186,CE
0.697,0.783,0.8,0.44,0.417,0.35,0.746,0.795,0.676,0.955,0.336,0.654,0.796,0.91,0.896,0.861,0.538,0.762,0.356,0.926,0.651,0.872,0.617,0.773,0.668,0.812,0.657,0.342,0.473,0.34,0.828,0.595,0.955,0.614,0.276,0.211,0.664,0.228,0.319,0.038,0.579,0.064,CE
0.427,0.853,0.672,0.649,0.689,0.713,0.46,0.997,0.824,0.755,0.44,0.633,0.351,0.321,0.288,0.624,0.908,0.811,0.82,0.598,0.678,0.56,0.991,0.684,0.907,0.705,0.794,0.808,0.641,0.799,0.488,0.565,0.755,0.69,0.385,0.075,0.56,0.206,0.566,0.134,0.079,0.22,IT
0.939,0.447,0.718,0.742,0.813,0.704,0.801,0.936,0.805,0.466,0.98,0.659,0.898,0.645,0.721,0.91,0.612,0.764,0.551,0.715,0.566,0.574,0.979,0.728,0.76,0.528,0.698,0.392,0.979,0.676,0.904,0.711,0.466,0.562,0.371,0.308,0.02,0.153,0.213,0.06,0.147,0.58,IT
0.536,0.88,0.694,0.474,0.732,0.644,0.417,0.417,0.324,0.815,0.765,0.785,0.891,0.864,0.895,0.908,0.444,0.598,0.489,0.34,0.421,0.956,0.328,0.566,0.617,0.954,0.748,0.655,0.329,0.422,0.9,0.536,0.815,0.722,0.346,0.352,0.235,0.666,0.403,0.313,0.0,0.283,IT
0.747,0.908,0.818,0.661,0.642,0.685,0.398,0.321,0.321,0.793,0.441,0.652,0.979,0.366,0.707,0.611,0.908,0.695,0.785,0.887,0.925,0.778,0.648,0.737,0.908,0.699,0.71,0.952,0.783,0.902,0.795,0.699,0.793,0.782,0.363,0.385,0.559,0.232,0.085,0.374,0.174,0.367,MMA
0.375,0.76,0.667,0.334,0.984,0.64,0.91,0.848,0.892,0.817,0.915,0.847,0.529,0.767,0.71,0.834,0.858,0.833,0.872,0.384,0.637,0.304,0.527,0.389,0.577,0.787,0.66,0.614,0.466,0.515,0.682,0.633,0.817,0.588,0.188,0.196,0.085,0.544,0.109,0.032,0.392,0.467,CE
0.734,0.624,0.655,0.904,0.663,0.78,0.318,0.539,0.404,0.579,0.706,0.649,0.726,0.835,0.843,0.803,0.969,0.789,0.437,0.305,0.401,0.929,0.47,0.785,0.342,0.954,0.618,0.371,0.64,0.457,0.764,0.474,0.579,0.683,0.098,0.418,0.294,0.612,0.108,0.118,0.524,0.25,CE
0.518,0.727,0.666,0.491,0.589,0.465,0.427,0.777,0.538,0.668,0.796,0.653,0.697,0.48,0.681,0.638,0.864,0.761,0.33,0.743,0.627,0.721,0.873,0.874,0.46,0.448,0.476,0.588,0.888,0.818,0.668,0.511,0.668,0.526,0.328,0.248,0.204,0.192,0.171,0.106,0.596,0.126,CE
0.876,0.597,0.77,0.367,0.737,0.542,0.711,0.418,0.611,0.904,0.452,0.597,0.317,0.749,0.554,0.683,0.462,0.551,0.716,0.648,0.779,0.396,0.787,0.572,0.6,0.802,0.74,0.994,0.39,0.613,0.5,0.86,0.904,0.556,0.394,0.493,0.548,0.282,0.504,0.338,0.125,0.032,CS
0.36,0.926,0.581,0.526,0.459,0.464,0.349,0.663,0.419,0.86,0.464,0.67,0.916,0.756,0.842,0.527,0.533,0.564,0.996,0.763,0.891,0.811,0.626,0.631,0.694,0.97,0.767,0.783,0.441,0.619,0.722,0.497,0.86,0.904,0.355,0.206,0.536,0.306,0.04,0.236,0.556,0.168,CE
0.765,0.857,0.897,0.464,0.58,0.452,0.995,0.949,0.98,0.889,0.665,0.802,0.362,0.829,0.521,0.878,0.847,0.905,0.325,0.512,0.371,0.552,0.361,0.544,0.688,0.514,0.58,0.613,0.72,0.67,0.62,0.791,0.889,0.438,0.162,0.097,0.335,0.564,0.253,0.069,0.487,0.191,CE
0.446,0.951,0.622,0.872,0.566,0.795,0.908,0.864,0.944,0.513,0.357,0.416,0.421,0.786,0.573,0.983,0.749,0.93,0.393,0.903,0.733,0.641,0.724,0.736,0.422,0.652,0.517,0.402,0.557,0.394,0.702,0.585,0.513,0.517,0.232,0.093,0.643,0.186,0.006,0.034,0.773,0.187,CE
0.976,0.603,0.752,0.654,0.608,0.552,0.749,0.451,0.624,0.755,0.406,0.493,0.847,0.622,0.646,0.996,0.34,0.707,0.989,0.467,0.656,0.385,0.512,0.369,0.785,0.344,0.566,0.998,0.87,0.957,0.922,0.908,0.755,0.687,0.519,0.473,0.594,0.51,0.138,0.369,0.283,0.21,CS
0.391,0.921,0.646,0.436,0.557,0.48,0.879,0.814,0.9,0.308,0.591,0.446,0.313,0.482,0.45,0.396,0.675,0.478,0.308,0.469,0.484,0.861,0.972,0.914,0.377,0.684,0.521,0.891,0.369,0.628,0.355,0.72,0.308,0.584,0.422,0.133,0.409,0.28,0.064,0.155,0.527,0.255,CS
0.563,0.576,0.562,0.85,0.924,0.978,0.851,0.521,0.723,0.606,0.478,0.61,0.327,0.931,0.621,0.746,0.762,0.833,0.746,0.73,0.651,0.663,0.405,0.581,0.659,0.776,0.626,0.359,0.801,0.495,0.536,0.591,0.606,0.704,0.153,0.452,0.522,0.432,0.016,0.003,0.688,0.293,CE
0.547,0.508,0.497,0.842,0.763,0.74,0.422,0.369,0.427,0.835,0.486,0.564,0.358,0.978,0.627,0.838,0.737,0.764,0.444,0.385,0.437,0.842,0.751,0.803,0.329,0.978,0.713,0.505,0.986,0.766,0.598,0.491,0.835,0.643,0.143,0.562,0.514,0.432,0.175,0.276,0.335,0.214,CE
0.39,0.537,0.549,0.457,0.561,0.495,0.608,0.729,0.757,0.468,0.385,0.366,0.921,0.752,0.794,0.871,0.903,0.956,0.943,0.477,0.761,0.622,0.889,0.802,0.844,0.759,0.737,0.682,0.989,0.923,0.896,0.56,0.468,0.782,0.172,0.367,0.615,0.317,0.027,0.108,0.085,0.78,MMA
0.872,0.449,0.662,0.888,0.813,0.859,0.713,0.656,0.644,0.696,0.782,0.814,0.745,0.833,0.721,0.623,0.307,0.414,0.809,0.994,0.821,0.581,0.86,0.661,0.689,0.813,0.774,0.432,0.549,0.547,0.684,0.672,0.696,0.695,0.43,0.448,0.218,0.073,0.354,0.002,0.628,0.016,CE
0.822,0.442,0.723,0.558,0.529,0.473,0.514,0.914,0.813,0.558,0.614,0.63,0.92,0.715,0.796,0.589,0.787,0.589,0.734,0.549,0.7,0.365,0.712,0.535,0.75,0.345,0.564,0.693,0.692,0.713,0.754,0.676,0.558,0.55,0.249,0.322,0.386,0.369,0.234,0.339,0.065,0.362,IT
0.649,0.354,0.413,0.534,0.849,0.733,0.852,0.662,0.745,0.403,0.53,0.453,0.362,0.454,0.428,0.815,0.999,0.994,0.75,0.595,0.7,0.85,0.383,0.598,0.888,0.569,0.743,0.711,0.429,0.543,0.588,0.737,0.403,0.8,0.273,0.492,0.47,0.511,0.182,0.012,0.011,0.795,MMA
0.491,0.663,0.537,0.958,0.482,0.706,0.911,0.889,0.837,0.862,0.621,0.738,0.393,0.356,0.421,0.648,0.606,0.673,0.836,0.411,0.646,0.395,0.826,0.642,0.97,0.348,0.57,0.498,0.483,0.44,0.52,0.633,0.862,0.615,0.519,0.224,0.379,0.382,0.538,0.065,0.072,0.324,CE
0.615,0.844,0.642,0.641,0.324,0.395,0.935,0.397,0.672,0.588,0.543,0.645,0.315,0.765,0.633,0.692,0.956,0.734,0.593,0.482,0.584,0.987,0.48,0.764,0.439,0.696,0.56,0.98,0.726,0.823,0.503,0.843,0.588,0.79,0.139,0.379,0.457,0.519,0.146,0.198,0.308,0.348,MMA
0.895,0.693,0.799,0.38,0.902,0.686,0.347,0.795,0.58,0.357,0.621,0.486,0.416,0.962,0.759,0.768,0.624,0.678,0.756,0.682,0.631,0.659,0.864,0.753,0.336,0.85,0.534,0.481,0.415,0.414,0.592,0.574,0.357,0.708,0.207,0.256,0.379,0.227,0.316,0.164,0.051,0.469,MMA
0.916,0.909,0.86,0.616,0.989,0.857,0.319,0.346,0.325,0.936,0.677,0.806,0.374,0.76,0.631,0.566,0.843,0.798,0.443,0.666,0.512,0.855,0.704,0.807,0.859,0.577,0.801,0.673,0.411,0.581,0.47,0.636,0.936,0.649,0.198,0.373,0.323,0.315,0.251,0.061,0.31,0.377,CE
0.494,0.988,0.669,0.441,0.429,0.514,0.758,0.406,0.57,0.731,0.358,0.621,0.863,0.654,0.852,0.592,0.989,0.824,0.744,0.416,0.657,0.599,0.414,0.409,0.692,0.669,0.724,0.923,0.356,0.686,0.728,0.725,0.731,0.672,0.178,0.303,0.642,0.585,0.045,0.42,0.368,0.167,CS
0.797,0.52,0.653,0.875,0.621,0.72,0.646,0.88,0.73,0.422,0.798,0.675,0.37,0.468,0.348,0.544,0.615,0.629,0.756,0.735,0.716,0.889,0.63,0.855,0.744,0.388,0.601,0.528,0.78,0.568,0.457,0.657,0.422,0.822,0.458,0.3,0.202,0.318,0.046,0.461,0.061,0.432,MMA
0.495,0.75,0.662,0.659,0.514,0.529,0.323,0.513,0.449,0.957,0.91,0.987,0.852,0.765,0.761,0.935,0.77,0.864,0.378,0.613,0.487,0.905,0.683,0.77,0.984,0.378,0.665,0.329,0.818,0.657,0.894,0.382,0.957,0.642,0.232,0.369,0.09,0.352,0.065,0.387,0.069,0.479,CE
0.828,0.863,0.749,0.974,0.809,0.852,0.881,0.497,0.763,0.379,0.793,0.594,0.368,0.469,0.321,0.628,0.511,0.589,0.508,0.51,0.558,0.334,0.932,0.703,0.767,0.715,0.82,0.43,0.355,0.34,0.498,0.713,0.379,0.421,0.51,0.32,0.207,0.279,0.201,0.004,0.111,0.684,MMA
0.899,0.665,0.695,0.882,0.719,0.724,0.366,0.937,0.685,0.881,0.915,0.912,0.662,0.601,0.595,0.604,0.842,0.743,0.925,0.61,0.789,0.742,0.714,0.769,0.466,0.659,0.483,0.569,0.641,0.636,0.633,0.611,0.881,0.834,0.278,0.199,0.085,0.338,0.502,0.153,0.227,0.118,CE
0.744,0.35,0.498,0.553,0.631,0.501,0.398,0.494,0.54,0.532,0.637,0.524,0.728,0.496,0.553,0.662,0.304,0.384,0.453,0.326,0.311,0.537,0.862,0.714,0.659,0.505,0.669,0.578,0.361,0.493,0.695,0.573,0.532,0.495,0.6,0.578,0.363,0.406,0.036,0.127,0.213,0.623,MMA
0.645,0.792,0.817,0.392,0.492,0.421,0.595,0.588,0.673,0.8,0.726,0.725,0.877,0.969,0.987,0.301,0.745,0.434,0.48,0.342,0.432,0.781,0.38,0.557,0.619,0.558,0.513,0.593,0.826,0.624,0.589,0.611,0.8,0.631,0.143,0.31,0.274,0.639,0.019,0.098,0.636,0.247,CE
0.775,0.553,0.683,0.307,0.745,0.609,0.729,0.912,0.865,0.384,0.932,0.571,0.674,0.399,0.439,0.595,0.507,0.548,0.704,0.331,0.442,0.691,0.54,0.661,0.757,0.892,0.863,0.601,0.771,0.641,0.635,0.702,0.384,0.698,0.547,0.267,0.068,0.564,0.089,0.378,0.144,0.389,MMA
0.876,0.9,0.971,0.602,0.523,0.579,0.56,0.721,0.681,0.782,0.562,0.605,0.601,0.4,0.579,0.542,0.408,0.38,0.752,0.746,0.717,0.35,0.587,0.431,0.774,0.724,0.722,0.453,0.992,0.713,0.572,0.63,0.782,0.551,0.596,0.19,0.438,0.334,0.58,0.075,0.331,0.014,CE
0.654,0.975,0.791,0.327,0.322,0.302,0.412,0.316,0.415,0.621,0.502,0.642,0.381,0.969,0.638,0.922,0.722,0.887,0.989,0.502,0.838,0.573,0.57,0.539,0.679,0.408,0.554,0.679,0.833,0.823,0.652,0.582,0.621,0.781,0.155,0.355,0.498,0.464,0.398,0.247,0.206,0.149,IT
0.34,0.54,0.394,0.976,0.69,0.803,0.706,0.397,0.541,0.738,0.642,0.671,0.996,0.916,0.981,0.699,0.734,0.657,0.577,0.328,0.447,0.68,0.459,0.663,0.937,0.806,0.878,0.909,0.391,0.708,0.847,0.652,0.738,0.629,0.175,0.532,0.358,0.606,0.032,0.382,0.078,0.507,MMA
0.961,0.404,0.675,0.987,0.638,0.885,0.712,0.563,0.595,0.442,0.833,0.615,0.658,0.645,0.667,0.906,0.987,0.928,0.879,0.835,0.872,0.969,0.44,0.627,0.898,0.607,0.822,0.925,0.344,0.711,0.782,0.866,0.442,0.924,0.184,0.516,0.167,0.363,0.121,0.146,0.201,0.532,MMA
0.313,0.634,0.511,0.806,0.785,0.722,0.51,0.551,0.591,0.495,0.447,0.563,0.306,0.998,0.688,0.88,0.506,0.596,0.817,0.884,0.898,0.4,0.827,0.667,0.761,0.836,0.868,0.73,0.362,0.543,0.593,0.518,0.495,0.608,0.248,0.408,0.553,0.145,0.068,0.438,0.437,0.057,CS
0.544,0.378,0.523,0.963,0.351,0.748,0.666,0.51,0.503,0.65,0.856,0.795,0.335,0.351,0.324,0.507,0.463,0.441,0.862,0.95,0.887,0.934,0.525,0.725,0.458,0.748,0.699,0.722,0.55,0.666,0.421,0.644,0.65,0.898,0.593,0.556,0.144,0.262,0.036,0.606,0.193,0.165,CS
0.71,0.737,0.638,0.778,0.469,0.666,0.876,0.863,0.88,0.664,0.4,0.587,0.49,0.648,0.526,0.394,0.741,0.478,0.824,0.522,0.573,0.658,0.333,0.451,0.795,0.344,0.637,0.303,0.473,0.436,0.442,0.63,0.664,0.741,0.306,0.2,0.6,0.572,0.304,0.086,0.357,0.252,MMA
0.89,0.519,0.762,0.924,0.604,0.846,0.564,0.975,0.687,0.781,0.646,0.691,0.743,0.793,0.669,0.417,0.799,0.641,0.976,0.833,0.995,0.792,0.509,0.571,0.847,0.751,0.709,0.552,0.97,0.761,0.58,0.669,0.781,0.884,0.204,0.253,0.354,0.329,0.303,0.327,0.125,0.246,MMA
0.559,0.337,0.501,0.592,0.876,0.804,0.448,0.76,0.599,0.916,0.451,0.719,0.725,0.507,0.543,0.756,0.817,0.75,0.751,0.577,0.707,0.439,0.923,0.639,0.557,0.341,0.371,0.661,0.487,0.641,0.74,0.556,0.916,0.595,0.338,0.452,0.549,0.25,0.016,0.517,0.446,0.021,CE
0.387,0.59,0.487,0.583,0.672,0.646,0.307,0.625,0.559,0.663,0.774,0.681,0.842,0.841,0.846,0.983,0.388,0.589,0.839,0.865,0.776,0.486,0.312,0.358,0.841,0.663,0.722,0.56,0.301,0.391,0.912,0.418,0.663,0.662,0.385,0.393,0.226,0.412,0.158,0.554,0.285,0.004,IT
0.929,0.848,0.945,0.621,0.579,0.56,0.346,0.46,0.352,0.639,0.823,0.726,0.34,0.97,0.744,0.85,0.994,0.931,0.974,0.353,0.637,0.458,0.437,0.376,0.736,0.847,0.807,0.403,0.868,0.663,0.595,0.559,0.639,0.716,0.018,0.346,0.177,0.605,0.21,0.48,0.129,0.181,CS
0.942,0.503,0.717,0.923,0.795,0.772,0.403,0.305,0.38,0.613,0.394,0.595,0.671,0.469,0.57,0.776,0.353,0.519,0.865,0.622,0.753,0.603,0.331,0.4,0.612,0.446,0.439,0.891,0.987,0.997,0.724,0.745,0.613,0.734,0.589,0.596,0.606,0.524,0.34,0.049,0.572,0.039,CE
0.966,0.996,1.0,0.987,0.699,0.795,0.606,0.715,0.575,0.736,0.987,0.799,0.855,0.936,0.984,0.972,0.665,0.914,0.83,0.413,0.617,0.803,0.473,0.666,0.767,0.414,0.603,0.84,0.649,0.647,0.914,0.804,0.736,0.816,0.2,0.145,0.013,0.557,0.003,0.133,0.786,0.078,CE
0.744,0.455,0.564,0.894,0.81,0.771,0.6,0.32,0.456,0.764,0.383,0.531,0.578,0.944,0.86,0.331,0.833,0.556,0.575,0.828,0.785,0.966,0.704,0.806,0.851,0.476,0.676,0.551,0.76,0.603,0.454,0.632,0.764,0.77,0.112,0.612,0.617,0.234,0.06,0.71,0.03,0.2,CS
0.455,0.327,0.298,0.423,0.907,0.621,0.965,0.707,0.824,0.706,0.662,0.736,0.498,0.547,0.601,0.963,0.925,0.928,0.846,0.633,0.739,0.443,0.714,0.516,0.532,0.899,0.657,0.35,0.348,0.437,0.73,0.59,0.706,0.644,0.264,0.483,0.338,0.326,0.15,0.112,0.354,0.384,CE
0.533,0.786,0.713,0.758,0.406,0.657,0.677,0.498,0.573,0.326,0.39,0.411,0.3,0.592,0.45,0.338,0.981,0.605,0.513,0.513,0.459,0.301,0.811,0.649,0.457,0.764,0.659,0.894,0.596,0.705,0.319,0.701,0.326,0.407,0.214,0.358,0.61,0.338,0.111,0.352,0.48,0.057,CS
0.56,0.931,0.807,0.989,0.828,0.887,0.713,0.763,0.654,0.681,0.797,0.672,0.846,0.709,0.868,0.33,0.486,0.428,0.508,0.8,0.706,0.372,0.66,0.518,0.558,0.953,0.821,0.788,0.8,0.786,0.588,0.687,0.681,0.44,0.403,0.153,0.203,0.27,0.362,0.169,0.186,0.282,IT
0.492,0.865,0.617,0.542,0.535,0.634,0.9,0.791,0.891,0.693,0.963,0.827,0.566,0.414,0.547,0.814,0.569,0.597,0.887,0.308,0.638,0.979,0.606,0.74,0.793,0.872,0.842,0.977,0.336,0.658,0.69,0.79,0.693,0.933,0.509,0.172,0.037,0.543,0.251,0.392,0.039,0.318,MMA
0.687,0.578,0.559,0.906,0.41,0.62,0.503,0.91,0.741,0.858,0.475,0.691,0.7,0.883,0.873,0.309,0.772,0.451,0.684,0.501,0.554,0.547,0.735,0.608,0.813,0.583,0.612,0.849,0.5,0.661,0.504,0.68,0.858,0.616,0.172,0.256,0.525,0.382,0.554,0.194,0.028,0.224,CE
0.961,0.749,0.889,0.743,0.439,0.575,0.826,0.371,0.554,0.493,0.602,0.644,0.347,0.663,0.441,0.979,0.379,0.66,0.817,0.793,0.789,0.543,0.578,0.513,0.444,0.638,0.495,0.501,0.76,0.724,0.663,0.763,0.493,0.68,0.479,0.44,0.398,0.314,0.225,0.019,0.019,0.736,MMA
0.508,0.364,0.456,0.737,0.754,0.699,0.311,0.976,0.593,0.773,0.795,0.806,0.519,0.49,0.524,0.906,0.963,0.856,0.408,0.961,0.732,0.918,0.442,0.697,0.791,0.776,0.765,0.311,0.708,0.46,0.712,0.377,0.773,0.663,0.274,0.33,0.205,0.298,0.098,0.518,0.083,0.3,MMA
0.432,0.771,0.697,0.371,0.306,0.325,0.365,0.824,0.677,0.604,0.481,0.529,0.806,0.306,0.574,0.729,0.746,0.686,0.8,0.364,0.522,0.914,0.817,0.768,0.474,0.45,0.416,0.473,0.344,0.4,0.768,0.423,0.604,0.857,0.474,0.202,0.519,0.41,0.382,0.27,0.323,0.024,IT
0.966,0.887,0.988,0.876,0.953,0.923,0.44,0.732,0.635,0.817,0.665,0.654,0.56,0.945,0.769,0.677,0.488,0.556,0.927,0.767,0.904,0.618,0.741,0.629,0.794,0.599,0.685,0.755,0.955,0.768,0.618,0.72,0.817,0.772,0.284,0.19,0.335,0.246,0.646,0.128,0.218,0.008,IT
0.511,0.652,0.493,0.644,0.949,0.717,0.835,0.587,0.742,0.482,0.412,0.379,0.349,0.43,0.422,0.917,0.87,0.931,0.377,0.502,0.402,0.475,0.661,0.575,0.55,0.548,0.614,0.853,0.515,0.767,0.633,0.733,0.482,0.426,0.35,0.381,0.588,0.418,0.665,0.086,0.095,0.153,IT
0.959,0.913,0.857,0.575,0.687,0.632,0.436,0.901,0.704,0.887,0.901,0.944,0.607,0.727,0.599,0.772,0.425,0.637,0.461,0.382,0.355,0.301,0.803,0.599,0.66,0.413,0.453,0.313,0.416,0.443,0.69,0.569,0.887,0.381,0.424,0.093,0.099,0.408,0.257,0.406,0.103,0.234,CE
0.663,0.725,0.644,0.34,0.574,0.404,0.454,0.972,0.736,0.69,0.591,0.626,0.679,0.788,0.773,0.42,0.65,0.518,0.909,0.742,0.832,0.381,0.724,0.476,0.536,0.4,0.506,0.444,0.574,0.588,0.55,0.52,0.69,0.645,0.281,0.151,0.409,0.267,0.152,0.473,0.363,0.012,CE
0.855,0.348,0.596,0.692,0.74,0.754,0.477,0.307,0.437,0.675,0.885,0.844,0.89,0.64,0.732,0.854,0.616,0.672,0.898,0.918,0.901,0.353,0.571,0.523,0.931,0.442,0.6,0.914,0.573,0.752,0.872,0.749,0.675,0.626,0.372,0.672,0.115,0.256,0.743,0.015,0.225,0.017,IT
0.563,0.863,0.699,0.998,0.691,0.809,0.454,0.545,0.474,0.348,0.559,0.446,0.806,0.76,0.825,0.306,0.452,0.411,0.639,0.304,0.532,0.841,0.684,0.676,0.837,0.709,0.829,0.826,0.862,0.848,0.556,0.614,0.348,0.74,0.394,0.296,0.441,0.506,0.042,0.31,0.27,0.378,MMA
0.419,0.436,0.506,0.825,0.936,0.932,0.718,0.758,0.816,0.705,0.743,0.655,0.632,0.801,0.671,0.442,0.52,0.429,0.45,0.597,0.605,0.655,0.432,0.459,0.787,0.568,0.742,0.762,0.857,0.764,0.537,0.633,0.705,0.552,0.339,0.403,0.257,0.486,0.223,0.058,0.528,0.191,CE
0.527,0.489,0.446,0.786,0.453,0.639,0.485,0.763,0.687,0.845,0.833,0.776,0.362,0.789,0.549,0.603,0.322,0.414,0.324,0.915,0.568,0.69,0.327,0.542,0.526,0.929,0.805,0.528,0.931,0.828,0.482,0.513,0.845,0.507,0.444,0.374,0.167,0.379,0.367,0.392,0.06,0.181,CE
0.347,0.366,0.457,0.529,0.824,0.738,0.901,0.998,0.898,0.328,0.588,0.384,0.316,0.552,0.491,0.696,0.519,0.639,0.462,0.31,0.439,0.737,0.834,0.693,0.886,0.734,0.823,0.737,0.905,0.839,0.506,0.662,0.328,0.6,0.464,0.318,0.412,0.428,0.115,0.62,0.187,0.077,CS
0.795,0.572,0.63,0.718,0.95,0.92,0.539,0.669,0.547,0.997,0.987,1.0,0.863,0.801,0.85,0.337,0.618,0.513,0.774,0.561,0.756,0.417,0.65,0.572,0.788,0.754,0.726,0.409,0.745,0.597,0.6,0.581,0.997,0.596,0.29,0.379,0.013,0.394,0.063,0.39,0.194,0.352,CE
0.886,0.419,0.556,0.845,0.727,0.826,0.887,0.862,0.967,0.675,0.642,0.639,0.408,0.701,0.51,0.945,0.708,0.845,0.548,0.336,0.349,0.596,0.359,0.499,0.917,0.918,0.949,0.448,0.904,0.753,0.676,0.74,0.675,0.572,0.296,0.36,0.358,0.652,0.062,0.38,0.096,0.461,CS
0.998,0.321,0.739,0.736,0.981,0.852,0.893,0.344,0.585,0.347,0.983,0.728,0.897,0.957,0.844,0.57,0.35,0.402,0.461,0.628,0.498,0.371,0.417,0.323,0.981,0.832,1.0,0.608,0.495,0.611,0.734,0.833,0.347,0.416,0.347,0.668,0.017,0.478,0.342,0.308,0.229,0.12,CS
0.48,0.549,0.549,0.344,0.447,0.457,0.403,0.54,0.544,0.408,0.358,0.38,0.512,0.694,0.664,0.396,0.706,0.552,0.401,0.737,0.524,0.641,0.358,0.491,0.515,0.876,0.606,0.593,0.621,0.652,0.454,0.492,0.408,0.521,0.3,0.456,0.642,0.452,0.157,0.202,0.276,0.365,MMA
0.52,0.677,0.666,0.993,0.923,0.932,0.437,0.643,0.588,0.645,0.638,0.709,0.553,0.902,0.709,0.53,0.618,0.626,0.388,0.437,0.503,0.423,0.697,0.576,0.643,0.751,0.643,0.687,0.561,0.656,0.542,0.548,0.645,0.406,0.24,0.34,0.362,0.433,0.1,0.553,0.134,0.214,CS
0.453,0.428,0.506,0.5,0.949,0.818,0.7,0.4,0.525,0.858,0.557,0.625,0.69,0.892,0.85,0.423,0.771,0.541,0.453,0.912,0.632,0.484,0.3,0.466,0.855,0.739,0.847,0.406,0.621,0.484,0.556,0.52,0.858,0.468,0.168,0.586,0.443,0.394,0.029,0.199,0.759,0.012,CE
0.504,0.445,0.422,0.936,0.628,0.775,0.832,0.408,0.618,0.601,0.718,0.759,0.839,0.579,0.774,0.419,0.321,0.311,0.538,0.657,0.621,0.937,0.657,0.797,0.335,0.324,0.34,0.607,0.887,0.679,0.629,0.648,0.601,0.738,0.55,0.574,0.282,0.343,0.027,0.632,0.287,0.054,CS
0.807,0.378,0.614,0.497,0.421,0.435,0.861,0.574,0.768,0.388,0.841,0.562,0.774,0.696,0.821,0.571,0.346,0.363,0.879,0.667,0.828,0.464,0.542,0.409,0.973,0.768,0.957,0.486,0.728,0.643,0.672,0.718,0.388,0.672,0.479,0.524,0.159,0.395,0.052,0.256,0.399,0.293,CS
0.817,0.494,0.612,0.974,0.307,0.684,0.794,0.736,0.863,0.518,0.538,0.444,0.61,0.483,0.515,0.884,0.955,0.857,0.561,0.95,0.668,0.365,0.414,0.408,0.405,0.978,0.681,0.651,0.473,0.556,0.747,0.754,0.518,0.463,0.281,0.385,0.462,0.318,0.229,0.293,0.296,0.182,CS
0.933,0.872,0.954,0.339,0.305,0.264,0.764,0.588,0.657,0.919,0.927,1.0,0.52,0.784,0.606,0.433,0.429,0.4,0.601,0.882,0.665,0.814,0.672,0.701,0.645,0.51,0.597,0.604,0.415,0.433,0.477,0.767,0.919,0.708,0.393,0.27,0.073,0.223,0.163,0.479,0.087,0.272,CS
0.761,0.952,0.921,0.697,0.76,0.808,0.58,0.529,0.456,0.879,0.861,0.791,0.704,0.625,0.588,0.986,0.45,0.632,0.716,0.817,0.673,0.761,0.673,0.638,0.421,0.698,0.518,0.957,0.873,1.0,0.845,0.766,0.879,0.738,0.462,0.26,0.139,0.255,0.063,0.73,0.118,0.089,CS
0.335,0.337,0.374,0.621,0.459,0.562,0.477,0.704,0.563,0.876,0.874,0.871,0.546,0.554,0.611,0.53,0.446,0.405,0.627,0.637,0.7,0.455,0.567,0.572,0.877,0.569,0.715,0.512,0.953,0.656,0.538,0.441,0.876,0.541,0.5,0.48,0.126,0.398,0.583,0.247,0.163,0.007,CE
0.633,0.585,0.541,0.759,0.98,0.882,0.8,0.348,0.558,0.381,0.729,0.643,0.763,0.354,0.529,0.685,0.582,0.701,0.87,0.728,0.774,0.479,0.374,0.397,0.589,0.773,0.713,0.349,0.577,0.399,0.724,0.594,0.381,0.674,0.532,0.534,0.271,0.449,0.068,0.699,0.017,0.216,CS
0.418,0.916,0.678,0.462,0.652,0.603,0.971,0.454,0.79,0.954,0.941,0.975,0.741,0.582,0.712,0.672,0.774,0.709,0.812,0.877,0.774,0.883,0.678,0.85,0.602,0.565,0.667,0.476,0.891,0.68,0.706,0.622,0.954,0.848,0.322,0.315,0.059,0.222,0.309,0.158,0.364,0.168,CE
0.327,0.49,0.31,0.985,0.976,0.959,0.81,0.542,0.71,0.864,0.963,0.893,0.848,0.486,0.765,0.318,0.722,0.552,0.782,0.384,0.671,0.427,0.736,0.526,0.515,0.683,0.582,0.412,0.42,0.4,0.583,0.516,0.864,0.604,0.396,0.484,0.037,0.44,0.33,0.533,0.021,0.117,CE
0.37,0.312,0.373,0.722,0.414,0.515,0.317,0.884,0.695,0.395,0.462,0.502,0.949,0.594,0.681,0.328,0.702,0.493,0.32,0.708,0.416,0.851,0.515,0.591,0.712,0.578,0.74,0.681,0.493,0.629,0.638,0.456,0.395,0.586,0.352,0.402,0.538,0.389,0.081,0.597,0.119,0.203,CS
0.335,0.598,0.533,0.864,0.457,0.606,0.872,0.951,0.831,0.615,0.536,0.65,0.358,0.448,0.454,0.336,0.645,0.479,0.534,0.576,0.561,0.413,0.7,0.618,0.832,0.408,0.55,0.488,0.553,0.502,0.347,0.565,0.615,0.474,0.454,0.226,0.464,0.362,0.658,0.034,0.02,0.288,IT
0.788,0.435,0.64,0.482,0.92,0.78,0.508,0.461,0.467,0.468,0.771,0.685,0.771,0.877,0.804,0.409,0.817,0.585,0.77,0.489,0.546,0.995,0.409,0.8,0.984,0.856,0.952,0.704,0.906,0.763,0.59,0.667,0.468,0.883,0.153,0.552,0.229,0.551,0.235,0.36,0.197,0.208,MMA
0.531,0.695,0.683,0.441,0.954,0.735,0.876,0.689,0.839,0.311,0.873,0.5,0.923,0.994,0.917,0.447,0.836,0.592,0.906,0.372,0.564,0.985,0.772,0.948,0.527,0.774,0.669,0.722,0.778,0.765,0.685,0.71,0.311,0.946,0.085,0.308,0.127,0.428,0.215,0.124,0.562,0.099,MMA
0.785,0.463,0.649,0.823,0.453,0.55,0.392,0.724,0.628,0.331,0.814,0.541,0.635,0.95,0.759,0.626,0.31,0.384,0.481,0.319,0.427,0.598,0.684,0.576,0.507,0.765,0.729,0.335,0.923,0.645,0.631,0.504,0.331,0.54,0.37,0.406,0.186,0.498,0.491,0.411,0.043,0.056,IT
0.721,0.539,0.713,0.585,0.4,0.535,0.505,0.668,0.626,0.93,0.855,0.928,0.776,0.962,0.828,0.301,0.49,0.339,0.763,0.744,0.772,0.311,0.81,0.525,0.766,0.69,0.696,0.394,0.366,0.446,0.538,0.54,0.93,0.537,0.274,0.396,0.145,0.223,0.6,0.251,0.026,0.123,CE
0.81,0.846,0.752,0.3,0.798,0.521,0.478,0.309,0.402,0.896,0.97,0.946,0.66,0.36,0.52,0.566,0.725,0.623,0.468,0.366,0.38,0.368,0.424,0.493,0.611,0.672,0.716,0.997,0.708,0.915,0.613,0.762,0.896,0.418,0.458,0.422,0.03,0.605,0.165,0.153,0.215,0.467,CE
0.778,0.521,0.576,0.743,0.39,0.582,0.785,0.79,0.839,0.911,0.65,0.827,0.733,0.431,0.487,0.499,0.61,0.578,0.895,0.437,0.591,0.974,0.376,0.671,0.71,0.679,0.612,0.34,0.374,0.374,0.616,0.634,0.911,0.934,0.48,0.344,0.35,0.594,0.208,0.07,0.268,0.453,MMA
0.329,0.649,0.527,0.477,0.515,0.519,0.929,0.867,0.914,0.811,0.555,0.711,0.626,0.433,0.57,0.69,0.551,0.703,0.315,0.521,0.329,0.837,0.791,0.78,0.773,0.577,0.726,0.618,0.589,0.69,0.658,0.625,0.811,0.576,0.508,0.242,0.445,0.344,0.06,0.027,0.184,0.729,MMA
0.564,0.343,0.422,0.654,0.413,0.565,0.998,0.616,0.778,0.58,0.381,0.557,0.59,0.571,0.613,0.609,0.754,0.594,0.87,0.958,0.944,0.968,0.406,0.683,0.721,0.707,0.695,0.537,0.389,0.441,0.599,0.7,0.58,0.919,0.338,0.52,0.619,0.318,0.099,0.737,0.13,0.034,CS
0.687,0.717,0.776,0.704,0.542,0.683,0.678,0.355,0.53,0.936,0.577,0.716,0.4,0.406,0.39,0.717,0.356,0.625,0.829,0.711,0.835,0.356,0.634,0.521,0.88,0.848,0.82,0.959,0.387,0.748,0.558,0.775,0.936,0.592,0.619,0.464,0.423,0.328,0.7,0.039,0.253,0.008,CE
0.584,0.661,0.639,0.955,0.771,0.859,0.867,0.965,0.82,0.988,0.36,0.737,0.496,0.393,0.432,0.751,0.567,0.57,0.72,0.932,0.802,0.451,0.61,0.44,0.874,0.878,0.894,0.547,0.86,0.714,0.624,0.666,0.988,0.586,0.52,0.187,0.64,0.229,0.337,0.192,0.295,0.176,CE
0.59,0.971,0.788,0.724,0.454,0.614,0.7,0.429,0.477,0.723,0.835,0.783,0.459,0.767,0.529,0.609,0.414,0.449,0.442,0.571,0.416,0.578,0.658,0.615,0.568,0.887,0.657,0.654,0.343,0.413,0.534,0.648,0.723,0.51,0.41,0.3,0.165,0.385,0.185,0.181,0.457,0.177,CE
0.972,0.334,0.573,0.331,0.43,0.389,0.752,0.332,0.631,0.89,0.508,0.614,0.419,0.389,0.329,0.663,0.472,0.539,0.993,0.779,0.976,0.4,0.567,0.495,0.354,0.303,0.362,0.749,0.588,0.666,0.541,0.824,0.89,0.696,0.57,0.667,0.492,0.327,0.461,0.021,0.351,0.167,CE
0.369,0.97,0.689,0.81,0.521,0.644,0.466,0.368,0.353,0.858,0.774,0.826,0.633,0.946,0.704,0.496,0.545,0.577,0.995,0.468,0.806,0.881,0.457,0.649,0.587,0.985,0.722,0.859,0.534,0.743,0.564,0.565,0.858,0.938,0.254,0.331,0.226,0.538,0.113,0.179,0.37,0.338,MMA
0.906,0.342,0.663,0.398,0.591,0.504,0.582,0.664,0.722,0.395,0.773,0.563,0.393,0.411,0.492,0.916,0.935,1.0,0.446,0.549,0.531,0.639,0.593,0.587,0.716,0.703,0.642,0.63,0.687,0.673,0.655,0.706,0.395,0.542,0.327,0.497,0.227,0.429,0.115,0.66,0.012,0.213,CS
0.846,0.695,0.723,0.786,0.697,0.801,0.815,0.727,0.768,0.393,0.483,0.422,0.72,0.66,0.647,0.305,0.647,0.433,0.814,0.317,0.582,0.959,0.422,0.685,0.364,0.738,0.561,0.585,0.665,0.704,0.512,0.749,0.393,0.886,0.347,0.289,0.517,0.631,0.071,0.007,0.642,0.279,MMA
0.923,0.718,0.883,0.601,0.825,0.795,0.7,0.427,0.517,0.439,0.473,0.417,0.689,0.712,0.685,0.731,0.357,0.462,0.42,0.663,0.484,0.498,0.58,0.602,0.31,0.755,0.566,0.859,0.953,0.81,0.71,0.827,0.439,0.459,0.466,0.428,0.527,0.379,0.044,0.574,0.162,0.22,CS
0.764,0.775,0.856,0.998,0.804,0.858,0.916,0.334,0.571,0.928,0.479,0.648,0.397,0.901,0.649,0.772,0.467,0.671,0.832,0.519,0.658,0.447,0.984,0.744,0.954,0.512,0.79,0.836,0.784,0.903,0.584,0.839,0.928,0.64,0.316,0.446,0.521,0.248,0.163,0.046,0.364,0.427,CE
0.703,0.445,0.575,0.519,0.599,0.588,0.822,0.463,0.623,0.488,0.439,0.52,0.936,0.559,0.798,0.928,0.892,0.847,0.969,0.564,0.734,0.344,0.64,0.414,0.474,0.522,0.56,0.913,0.512,0.784,0.932,0.813,0.488,0.656,0.274,0.546,0.561,0.398,0.412,0.306,0.034,0.248,IT
0.962,0.778,0.836,0.65,0.752,0.703,0.384,0.518,0.512,0.903,0.396,0.74,0.53,0.764,0.697,0.868,0.962,0.878,0.901,0.392,0.688,0.819,0.774,0.747,0.911,0.418,0.575,0.802,0.633,0.787,0.699,0.716,0.903,0.86,0.137,0.352,0.604,0.417,0.148,0.056,0.553,0.243,CE
0.432,0.804,0.621,0.723,0.623,0.739,0.881,0.797,0.76,0.887,0.77,0.868,0.554,0.915,0.78,0.379,0.585,0.559,0.333,0.973,0.689,0.742,0.489,0.565,0.959,0.509,0.789,0.575,0.397,0.388,0.466,0.629,0.887,0.538,0.25,0.2,0.23,0.269,0.145,0.688,0.085,0.082,CS
0.541,0.664,0.591,0.916,0.654,0.786,0.397,0.988,0.642,0.351,0.764,0.577,0.591,0.596,0.65,0.437,0.874,0.685,0.593,0.621,0.558,0.826,0.659,0.707,0.717,0.997,0.844,0.944,0.542,0.654,0.514,0.627,0.351,0.71,0.265,0.174,0.236,0.36,0.224,0.532,0.243,0.0,CS
0.941,0.891,0.964,0.417,0.384,0.314,0.807,0.95,0.865,0.383,0.659,0.491,0.562,0.735,0.692,0.377,0.325,0.45,0.463,0.338,0.338,0.327,0.574,0.511,0.539,0.611,0.61,0.656,0.903,0.853,0.47,0.801,0.383,0.395,0.47,0.08,0.341,0.544,0.002,0.227,0.093,0.678,CS
0.638,0.991,0.865,0.474,0.677,0.674,0.9,0.368,0.675,0.542,0.305,0.404,0.464,0.873,0.636,0.879,0.3,0.551,0.469,0.463,0.38,0.431,0.689,0.518,0.592,0.564,0.653,0.934,0.645,0.755,0.672,0.824,0.542,0.45,0.414,0.32,0.695,0.424,0.031,0.853,0.017,0.098,CS
0.509,0.524,0.449,0.848,0.386,0.644,0.387,0.349,0.45,0.433,0.875,0.663,0.354,0.969,0.611,0.902,0.418,0.731,0.309,0.658,0.538,0.954,0.936,1.0,0.922,0.439,0.637,0.502,0.564,0.512,0.628,0.466,0.433,0.632,0.306,0.564,0.125,0.203,0.339,0.075,0.507,0.079,IT
0.517,0.652,0.644,0.818,0.752,0.716,0.683,0.361,0.498,0.589,0.328,0.413,0.969,0.968,0.939,0.33,0.425,0.356,0.963,0.399,0.734,0.376,0.987,0.658,0.843,0.54,0.717,0.434,0.402,0.506,0.65,0.545,0.589,0.67,0.304,0.494,0.672,0.307,0.341,0.299,0.134,0.226,IT
0.348,0.534,0.404,0.745,0.549,0.577,0.718,0.87,0.77,0.393,0.438,0.363,0.51,0.75,0.65,0.787,0.554,0.735,0.443,0.628,0.596,0.426,0.377,0.478,0.54,0.779,0.564,0.783,0.521,0.563,0.649,0.616,0.393,0.434,0.348,0.298,0.562,0.498,0.526,0.154,0.273,0.047,IT
0.403,0.509,0.374,0.938,0.304,0.618,0.386,0.515,0.536,0.413,0.976,0.636,0.819,0.683,0.828,0.688,0.674,0.62,0.416,0.942,0.645,0.56,0.832,0.664,0.966,0.817,0.911,0.917,0.335,0.577,0.754,0.569,0.413,0.488,0.321,0.488,0.024,0.113,0.131,0.054,0.286,0.528,IT
0.597,0.539,0.66,0.611,0.642,0.597,0.937,0.698,0.87,0.868,0.539,0.691,0.894,0.554,0.783,0.959,0.736,0.896,0.864,0.892,0.857,0.336,0.581,0.493,0.615,0.824,0.691,0.744,0.43,0.637,0.926,0.759,0.868,0.6,0.355,0.381,0.461,0.264,0.288,0.083,0.126,0.503,IT
0.638,0.451,0.638,0.801,0.97,0.871,0.633,0.929,0.786,0.795,0.477,0.625,0.386,0.444,0.315,0.327,0.984,0.604,0.764,0.887,0.836,0.407,0.81,0.628,0.812,0.839,0.92,0.701,0.539,0.65,0.357,0.657,0.795,0.586,0.286,0.31,0.523,0.151,0.025,0.793,0.044,0.138,CS
0.871,0.718,0.773,0.631,0.898,0.733,0.909,0.362,0.691,0.893,0.427,0.646,0.416,0.795,0.612,0.745,0.438,0.533,0.329,0.525,0.439,0.901,0.767,0.821,0.967,0.803,0.971,0.669,0.481,0.486,0.58,0.816,0.893,0.615,0.383,0.46,0.573,0.354,0.509,0.051,0.142,0.299,CE
0.695,0.72,0.641,0.566,0.732,0.743,0.809,0.946,0.93,0.714,0.434,0.608,0.736,0.722,0.727,0.67,0.534,0.606,0.438,0.864,0.588,0.359,0.605,0.514,0.606,0.494,0.562,0.543,0.953,0.832,0.703,0.682,0.714,0.398,0.372,0.167,0.566,0.266,0.283,0.161,0.541,0.015,CE
0.632,0.535,0.668,0.308,0.687,0.546,0.64,0.36,0.594,0.663,0.73,0.644,0.638,0.6,0.534,0.374,0.886,0.578,0.436,0.653,0.599,0.343,0.704,0.447,0.326,0.337,0.398,0.383,0.332,0.345,0.506,0.552,0.663,0.39,0.257,0.552,0.27,0.322,0.675,0.111,0.199,0.015,IT
0.614,0.704,0.674,0.533,0.521,0.448,0.557,0.37,0.517,0.976,0.979,1.0,0.721,0.791,0.713,0.742,0.619,0.677,0.83,0.497,0.628,0.947,0.339,0.64,0.939,0.727,0.842,0.475,0.54,0.578,0.732,0.549,0.976,0.888,0.295,0.463,0.021,0.582,0.493,0.435,0.063,0.01,IT
0.975,0.564,0.79,0.356,0.778,0.654,0.703,0.388,0.562,0.836,0.584,0.786,0.754,0.929,0.866,0.392,0.517,0.395,0.936,0.832,0.92,0.511,0.429,0.521,0.632,0.458,0.568,0.328,0.528,0.422,0.573,0.669,0.836,0.724,0.277,0.524,0.416,0.37,0.034,0.887,0.05,0.03,CS
0.442,0.838,0.626,0.696,0.315,0.412,0.612,0.872,0.819,0.361,0.677,0.601,0.572,0.881,0.653,0.955,0.826,0.979,0.774,0.554,0.752,0.493,0.533,0.553,0.836,0.951,0.834,0.859,0.817,0.751,0.764,0.638,0.361,0.634,0.147,0.145,0.323,0.456,0.093,0.063,0.069,0.775,MMA
0.75,0.802,0.871,0.564,0.861,0.7,0.909,0.426,0.757,0.453,0.528,0.542,0.576,0.726,0.64,0.82,0.46,0.551,0.51,0.632,0.505,0.548,0.58,0.476,0.708,0.919,0.744,0.718,0.765,0.726,0.698,0.792,0.453,0.529,0.407,0.386,0.472,0.394,0.494,0.216,0.287,0.003,IT
0.784,0.763,0.681,0.558,0.985,0.756,0.651,0.937,0.838,0.707,0.858,0.856,0.62,0.633,0.603,0.977,0.788,0.799,0.904,0.636,0.684,0.685,0.592,0.714,0.443,0.879,0.672,0.338,0.98,0.662,0.798,0.591,0.707,0.794,0.29,0.15,0.142,0.386,0.104,0.193,0.593,0.11,CE
0.435,0.39,0.372,0.846,0.63,0.684,0.416,0.533,0.563,0.54,0.992,0.763,0.425,0.924,0.667,0.797,0.989,0.803,0.368,0.804,0.542,0.429,0.328,0.283,0.842,0.394,0.612,0.724,0.6,0.567,0.611,0.525,0.54,0.398,0.043,0.538,0.008,0.434,0.293,0.002,0.275,0.429,IT
0.603,0.675,0.634,0.572,0.921,0.826,0.535,0.731,0.718,0.973,0.656,0.805,0.495,0.971,0.662,0.706,0.498,0.558,0.583,0.999,0.702,0.705,0.358,0.462,0.608,0.657,0.584,0.522,0.361,0.402,0.6,0.553,0.973,0.644,0.266,0.297,0.344,0.322,0.45,0.384,0.054,0.112,CE
0.937,0.304,0.683,0.964,0.364,0.596,0.973,0.676,0.727,0.48,0.615,0.586,0.813,0.997,0.863,0.677,0.673,0.656,0.418,0.984,0.772,0.649,0.722,0.631,0.681,0.786,0.737,0.993,0.728,0.835,0.745,0.968,0.48,0.534,0.165,0.51,0.385,0.147,0.574,0.073,0.188,0.165,IT
0.602,0.847,0.722,0.856,0.704,0.748,0.867,0.467,0.612,0.653,0.483,0.47,0.754,0.658,0.695,0.977,0.7,0.911,0.398,0.698,0.622,0.708,0.803,0.73,0.365,0.621,0.472,0.907,0.471,0.782,0.865,0.792,0.653,0.553,0.321,0.343,0.517,0.25,0.516,0.046,0.07,0.368,IT
0.977,0.61,0.758,0.668,0.781,0.68,0.816,0.336,0.486,0.57,0.547,0.522,0.644,0.525,0.523,0.517,0.982,0.732,0.611,0.704,0.754,0.469,0.777,0.666,0.725,0.362,0.579,0.345,0.717,0.579,0.58,0.713,0.57,0.54,0.246,0.527,0.453,0.26,0.06,0.464,0.008,0.468,CS
0.622,0.452,0.464,0.967,0.351,0.599,0.543,0.734,0.648,0.388,0.503,0.393,0.449,0.588,0.559,0.452,0.557,0.483,0.984,0.968,1.0,0.469,0.348,0.372,0.487,0.654,0.626,0.901,0.891,0.868,0.45,0.689,0.388,0.726,0.428,0.407,0.497,0.342,0.414,0.134,0.022,0.43,MMA
0.307,0.586,0.413,0.785,0.836,0.772,0.868,0.506,0.676,0.809,0.785,0.894,0.458,0.764,0.633,0.941,0.409,0.725,0.698,0.492,0.59,0.534,0.706,0.697,0.699,0.742,0.724,0.336,0.463,0.398,0.7,0.504,0.809,0.616,0.414,0.454,0.215,0.401,0.223,0.121,0.422,0.234,CE
0.481,0.625,0.479,0.949,0.907,0.97,0.374,0.843,0.67,0.837,0.38,0.637,0.884,0.704,0.823,0.621,0.67,0.552,0.747,0.357,0.539,0.505,0.682,0.52,0.784,0.857,0.753,0.373,0.402,0.463,0.752,0.409,0.837,0.626,0.313,0.266,0.62,0.48,0.295,0.248,0.044,0.412,IT
0.908,0.88,0.919,0.353,0.379,0.276,0.48,0.395,0.39,0.57,0.96,0.787,0.884,0.797,0.763,0.815,0.493,0.682,0.539,0.998,0.721,0.495,0.951,0.628,0.788,0.808,0.865,0.982,0.983,0.896,0.849,0.79,0.57,0.517,0.355,0.363,0.04,0.026,0.437,0.264,0.264,0.035,IT
0.755,0.988,0.954,0.607,0.328,0.44,0.878,0.791,0.827,0.339,0.599,0.463,0.95,0.749,0.812,0.668,0.346,0.601,0.552,0.635,0.564,0.778,0.764,0.814,0.488,0.521,0.429,0.759,0.328,0.563,0.809,0.797,0.339,0.665,0.452,0.111,0.401,0.3,0.373,0.405,0.109,0.113,CS
0.354,0.77,0.626,0.471,0.595,0.601,0.914,0.47,0.702,0.435,0.371,0.485,0.874,0.832,0.763,0.891,0.607,0.717,0.683,0.364,0.575,0.708,0.431,0.507,0.429,0.34,0.402,0.888,0.312,0.51,0.883,0.719,0.435,0.696,0.28,0.38,0.629,0.602,0.251,0.505,0.117,0.127,CS
0.717,0.492,0.51,0.815,0.738,0.792,0.819,0.773,0.737,0.547,0.388,0.393,0.773,0.901,0.93,0.74,0.429,0.505,0.869,0.705,0.811,0.847,0.792,0.887,0.339,0.823,0.651,0.5,0.748,0.587,0.756,0.679,0.547,0.858,0.335,0.367,0.612,0.252,0.745,0.008,0.204,0.043,IT
0.799,0.423,0.558,0.646,0.94,0.736,0.401,0.831,0.616,0.938,0.403,0.7,0.463,0.41,0.473,0.716,0.828,0.734,0.614,0.584,0.696,0.505,0.506,0.476,0.695,0.477,0.669,0.486,0.927,0.627,0.59,0.562,0.938,0.56,0.381,0.373,0.597,0.455,0.151,0.335,0.026,0.488,CE
0.617,0.962,0.825,0.511,0.432,0.432,0.365,0.401,0.304,0.596,0.857,0.655,0.391,0.75,0.51,0.368,0.417,0.477,0.875,0.548,0.743,0.676,0.774,0.762,0.74,0.486,0.521,0.619,0.924,0.785,0.38,0.534,0.596,0.776,0.416,0.318,0.143,0.339,0.225,0.604,0.023,0.149,CS
0.772,0.986,0.976,0.781,0.471,0.685,0.375,0.846,0.693,0.568,0.741,0.641,0.606,0.517,0.614,0.955,0.959,0.892,0.912,0.816,0.815,0.347,0.488,0.5,0.743,0.805,0.725,0.804,0.32,0.537,0.78,0.65,0.568,0.63,0.262,0.084,0.259,0.348,0.314,0.05,0.551,0.085,IT
0.757,0.584,0.689,0.375,0.312,0.425,0.489,0.874,0.781,0.448,0.486,0.499,0.976,0.941,0.959,0.857,0.395,0.721,0.975,0.415,0.655,0.37,0.49,0.493,0.565,0.362,0.432,0.987,0.741,0.847,0.916,0.744,0.448,0.672,0.332,0.271,0.514,0.548,0.028,0.657,0.264,0.051,CS
0.349,0.34,0.268,0.707,0.95,0.828,0.89,0.612,0.793,0.812,0.422,0.589,0.746,0.349,0.52,0.674,0.997,0.831,0.871,0.602,0.796,0.717,0.921,0.801,0.723,0.741,0.715,0.401,0.365,0.287,0.71,0.547,0.812,0.794,0.327,0.524,0.578,0.238,0.529,0.069,0.061,0.341,IT
0.524,0.654,0.522,0.972,0.896,1.0,0.585,0.834,0.638,0.306,0.314,0.327,0.619,0.663,0.542,0.596,0.803,0.688,0.813,0.463,0.7,0.712,0.448,0.527,0.74,0.881,0.793,0.481,0.907,0.728,0.607,0.53,0.306,0.762,0.267,0.256,0.686,0.544,0.24,0.27,0.092,0.398,MMA
0.551,0.997,0.77,0.64,0.696,0.751,0.861,0.616,0.782,0.71,0.645,0.616,0.625,0.472,0.631,0.535,0.967,0.757,0.742,0.68,0.637,0.563,0.369,0.491,0.613,0.845,0.673,0.415,0.584,0.585,0.58,0.609,0.71,0.652,0.28,0.194,0.355,0.476,0.477,0.209,0.28,0.034,IT
0.989,0.766,0.835,0.71,0.377,0.637,0.422,0.754,0.537,0.802,0.844,0.858,0.73,0.925,0.743,0.532,0.474,0.6,0.573,0.813,0.73,0.448,0.467,0.414,0.588,0.464,0.43,0.916,0.976,0.914,0.631,0.776,0.802,0.51,0.3,0.24,0.156,0.36,0.125,0.002,0.345,0.528,CE
0.403,0.412,0.465,0.731,0.331,0.556,0.516,0.558,0.591,0.868,0.58,0.813,0.585,0.84,0.709,0.928,0.935,0.849,0.956,0.878,0.975,0.441,0.864,0.722,0.502,0.967,0.644,0.405,0.676,0.556,0.756,0.441,0.868,0.698,0.113,0.515,0.42,0.129,0.239,0.004,0.746,0.011,CE
0.4,0.31,0.368,0.953,0.766,0.924,0.309,0.679,0.486,0.649,0.351,0.537,0.652,0.836,0.741,0.405,0.754,0.514,0.911,0.729,0.751,0.974,0.663,0.733,0.739,0.477,0.669,0.872,0.985,0.929,0.528,0.527,0.649,0.942,0.205,0.505,0.649,0.304,0.206,0.476,0.048,0.269,MMA
0.682,0.363,0.506,0.897,0.899,0.818,0.364,0.484,0.499,0.39,0.804,0.517,0.736,0.549,0.701,0.464,0.747,0.553,0.8,0.912,0.781,0.907,0.716,0.736,0.599,0.413,0.546,0.831,0.374,0.604,0.6,0.626,0.39,0.854,0.352,0.576,0.196,0.186,0.207,0.337,0.088,0.368,MMA
0.675,0.576,0.695,0.645,0.63,0.636,0.893,0.882,0.868,0.533,0.644,0.603,0.467,0.856,0.659,0.534,0.375,0.402,0.964,0.514,0.673,0.622,0.515,0.476,0.526,0.681,0.614,0.55,0.613,0.674,0.501,0.706,0.533,0.793,0.385,0.271,0.356,0.486,0.285,0.18,0.168,0.368,MMA
0.832,0.444,0.68,0.315,0.593,0.509,0.537,0.695,0.557,0.819,0.337,0.649,0.439,0.912,0.646,0.806,0.523,0.746,0.389,0.425,0.405,0.357,0.437,0.486,0.984,0.563,0.858,0.681,0.489,0.626,0.622,0.683,0.819,0.373,0.282,0.43,0.663,0.569,0.153,0.644,0.044,0.159,CS
0.336,0.38,0.259,1.0,0.862,0.988,0.657,0.51,0.514,0.499,0.563,0.582,0.678,0.354,0.42,0.372,0.587,0.566,0.746,0.861,0.797,0.553,0.376,0.54,0.848,0.418,0.635,0.641,0.738,0.779,0.525,0.545,0.499,0.65,0.53,0.555,0.437,0.381,0.492,0.441,0.029,0.037,IT
0.431,0.323,0.426,0.806,0.395,0.668,0.408,0.511,0.409,0.561,0.478,0.517,0.585,0.991,0.699,0.4,0.337,0.393,0.338,0.886,0.614,0.669,0.693,0.615,0.438,0.523,0.499,0.447,0.381,0.508,0.492,0.429,0.561,0.504,0.336,0.583,0.522,0.211,0.006,0.457,0.437,0.099,CE
0.395,0.402,0.438,0.75,0.848,0.886,0.784,0.409,0.545,0.89,0.447,0.583,0.792,0.582,0.771,0.755,0.363,0.649,0.481,0.536,0.489,0.336,0.648,0.416,0.581,0.545,0.618,0.862,0.407,0.608,0.774,0.68,0.89,0.408,0.528,0.594,0.553,0.408,0.135,0.047,0.463,0.355,CE
0.433,0.557,0.416,0.74,0.385,0.66,0.846,0.573,0.726,0.938,0.688,0.748,0.565,0.89,0.756,0.756,0.907,0.91,0.944,0.366,0.664,0.818,0.83,0.845,0.417,0.858,0.681,0.36,0.625,0.427,0.66,0.546,0.938,0.881,0.101,0.435,0.312,0.402,0.237,0.01,0.294,0.459,MMA
0.734,0.764,0.816,0.451,0.384,0.488,0.41,0.982,0.764,0.651,0.987,0.738,0.512,0.747,0.599,0.95,0.346,0.658,0.714,0.757,0.686,0.555,0.891,0.662,0.879,0.694,0.839,0.8,0.445,0.636,0.731,0.648,0.651,0.635,0.454,0.127,0.013,0.176,0.307,0.086,0.516,0.091,CE
0.4,0.573,0.577,0.524,0.908,0.792,0.545,0.358,0.497,0.518,0.848,0.672,0.64,0.845,0.719,0.61,0.563,0.56,0.668,0.866,0.74,0.667,0.77,0.672,0.494,0.953,0.769,0.704,0.753,0.635,0.625,0.55,0.518,0.668,0.296,0.534,0.152,0.182,0.331,0.245,0.271,0.153,IT
0.357,0.435,0.486,0.586,0.627,0.517,0.326,0.802,0.572,0.656,0.47,0.612,0.418,0.433,0.418,0.5,0.473,0.516,0.756,0.877,0.8,0.351,0.492,0.517,0.717,0.797,0.659,0.663,0.326,0.508,0.459,0.449,0.656,0.554,0.547,0.381,0.53,0.316,0.343,0.468,0.105,0.083,CS
0.962,0.772,0.779,0.626,0.468,0.541,0.619,0.708,0.635,0.415,0.653,0.6,0.765,0.537,0.738,0.939,0.447,0.6,0.819,0.879,0.943,0.923,0.72,0.828,0.319,0.473,0.388,0.74,0.69,0.764,0.852,0.774,0.415,0.871,0.508,0.26,0.347,0.2,0.184,0.466,0.052,0.299,CS
0.825,0.785,0.903,0.495,0.649,0.538,0.608,0.9,0.791,0.918,0.442,0.755,0.342,0.922,0.598,0.52,0.658,0.677,0.333,0.547,0.511,0.577,0.439,0.493,0.57,0.941,0.808,0.654,0.992,0.816,0.431,0.696,0.918,0.455,0.21,0.157,0.558,0.507,0.054,0.275,0.517,0.154,CE
0.963,0.837,0.854,0.714,0.805,0.848,0.917,0.661,0.844,0.694,0.687,0.613,0.388,0.671,0.483,0.315,0.806,0.467,0.717,0.677,0.791,0.639,0.345,0.502,0.889,0.998,0.929,0.524,0.935,0.668,0.352,0.801,0.694,0.678,0.261,0.251,0.313,0.489,0.491,0.268,0.022,0.219,CS
0.486,0.78,0.723,0.488,0.868,0.589,0.677,0.349,0.6,0.836,0.761,0.863,0.753,0.978,0.909,0.947,0.662,0.728,0.67,0.389,0.548,0.638,0.736,0.589,0.436,0.644,0.63,0.569,0.597,0.626,0.85,0.577,0.836,0.654,0.18,0.436,0.239,0.438,0.45,0.173,0.257,0.119,IT
0.976,0.391,0.658,0.318,0.455,0.443,0.441,0.356,0.393,0.307,0.359,0.395,0.84,0.941,0.961,0.778,0.337,0.614,0.892,0.859,0.877,0.463,0.892,0.723,0.987,0.409,0.643,0.448,0.855,0.589,0.809,0.622,0.307,0.678,0.361,0.626,0.641,0.125,0.008,0.775,0.003,0.214,CS
0.556,0.889,0.733,0.931,0.948,0.842,0.353,0.475,0.448,0.922,0.622,0.793,0.432,0.863,0.741,0.488,0.646,0.484,0.691,0.652,0.601,0.609,0.534,0.576,0.71,0.306,0.56,0.799,0.556,0.588,0.46,0.569,0.922,0.65,0.246,0.318,0.378,0.407,0.272,0.6,0.053,0.076,CS
0.429,0.704,0.497,0.549,0.788,0.681,0.571,0.594,0.595,0.304,0.355,0.406,0.355,0.795,0.659,0.489,0.559,0.538,0.917,0.959,0.986,0.361,0.768,0.547,0.629,0.334,0.42,0.853,0.618,0.696,0.422,0.618,0.304,0.639,0.323,0.351,0.645,0.137,0.118,0.469,0.336,0.077,CS
0.382,0.476,0.513,0.707,0.673,0.71,0.556,0.865,0.715,0.382,0.39,0.393,0.956,0.516,0.81,0.835,0.473,0.561,0.371,0.81,0.531,0.56,0.651,0.651,0.379,0.584,0.479,0.679,0.873,0.71,0.896,0.539,0.382,0.466,0.506,0.33,0.61,0.269,0.341,0.244,0.168,0.248,IT
0.588,0.397,0.526,0.667,0.748,0.675,0.935,0.711,0.74,0.615,0.829,0.781,0.646,0.926,0.74,0.587,0.929,0.837,0.78,0.901,0.758,0.905,0.524,0.651,0.468,0.593,0.48,0.524,0.394,0.419,0.616,0.682,0.615,0.842,0.073,0.446,0.171,0.288,0.263,0.181,0.132,0.425,MMA
0.925,0.83,0.844,0.821,0.406,0.54,0.542,0.865,0.653,0.344,0.392,0.44,0.744,0.477,0.622,0.669,0.759,0.661,0.905,0.517,0.75,0.311,0.561,0.406,0.68,0.351,0.574,0.452,0.774,0.674,0.706,0.64,0.344,0.608,0.382,0.153,0.608,0.461,0.223,0.365,0.293,0.119,CS
0.866,0.506,0.7,0.822,0.565,0.654,0.622,0.873,0.833,0.682,0.763,0.803,0.369,0.462,0.457,0.877,0.9,0.871,0.363,0.606,0.431,0.504,0.841,0.587,0.879,0.599,0.759,0.363,0.536,0.367,0.623,0.617,0.682,0.434,0.319,0.31,0.237,0.276,0.564,0.285,0.107,0.044,IT
0.953,0.541,0.68,0.694,0.961,0.728,0.467,0.957,0.646,0.379,0.699,0.612,0.634,0.996,0.851,0.352,0.995,0.655,0.501,0.691,0.557,0.361,0.301,0.321,0.886,0.701,0.893,0.501,0.496,0.431,0.493,0.64,0.379,0.431,0.004,0.251,0.301,0.504,0.04,0.075,0.354,0.531,MMA
0.983,0.463,0.799,0.53,0.379,0.528,0.745,0.415,0.566,0.501,0.816,0.649,0.992,0.338,0.636,0.637,0.652,0.608,0.81,0.912,0.949,0.864,0.895,0.89,0.878,0.512,0.675,0.522,0.627,0.532,0.814,0.75,0.501,0.837,0.505,0.561,0.184,0.097,0.727,0.084,0.023,0.167,IT
0.34,0.377,0.303,0.625,0.603,0.674,0.818,0.598,0.675,0.522,0.842,0.592,0.309,0.857,0.578,0.392,0.465,0.515,0.902,0.797,0.846,0.664,0.983,0.917,0.451,0.868,0.599,0.449,0.773,0.592,0.351,0.536,0.522,0.783,0.339,0.512,0.158,0.11,0.447,0.016,0.119,0.418,MMA
0.933,0.41,0.645,0.733,0.412,0.666,0.94,0.417,0.603,0.36,0.937,0.587,0.591,0.614,0.623,0.35,0.459,0.491,0.936,0.847,0.795,0.529,0.74,0.589,0.937,0.744,0.755,0.936,0.97,0.869,0.47,0.936,0.36,0.732,0.464,0.586,0.063,0.207,0.418,0.199,0.274,0.109,CS
0.705,0.971,0.838,0.358,0.734,0.514,0.899,0.604,0.69,0.434,0.838,0.589,0.837,0.444,0.605,0.626,0.96,0.879,0.445,0.551,0.428,0.657,0.622,0.72,0.951,0.568,0.758,0.927,0.865,0.797,0.732,0.844,0.434,0.551,0.298,0.213,0.162,0.414,0.272,0.387,0.184,0.157,CS
0.326,0.75,0.491,0.337,0.462,0.46,0.896,0.638,0.75,0.984,0.44,0.656,0.504,0.421,0.438,0.938,0.731,0.817,0.954,0.334,0.586,0.696,0.731,0.621,0.582,0.754,0.708,0.747,0.524,0.554,0.721,0.656,0.984,0.825,0.424,0.306,0.56,0.468,0.13,0.032,0.688,0.15,CE
0.522,0.836,0.679,0.517,0.868,0.766,0.771,0.333,0.565,0.834,0.396,0.561,0.918,0.314,0.666,0.632,0.613,0.524,0.874,0.552,0.721,0.774,0.792,0.874,0.672,0.58,0.717,0.749,0.509,0.554,0.775,0.681,0.834,0.824,0.536,0.416,0.604,0.328,0.46,0.112,0.269,0.159,IT
0.439,0.721,0.492,0.589,0.683,0.623,0.824,0.88,0.906,0.327,0.436,0.389,0.954,0.884,0.988,0.512,0.601,0.551,0.41,0.322,0.455,0.468,0.468,0.385,0.95,0.706,0.861,0.938,0.542,0.764,0.733,0.734,0.327,0.439,0.258,0.2,0.564,0.605,0.011,0.059,0.511,0.418,CS
0.545,0.564,0.561,0.3,0.469,0.326,0.475,0.864,0.626,0.434,0.653,0.617,0.469,0.355,0.383,0.823,0.685,0.818,0.972,0.855,0.934,0.645,0.328,0.584,0.568,0.407,0.521,0.499,0.71,0.622,0.646,0.506,0.434,0.808,0.48,0.286,0.347,0.408,0.179,0.548,0.093,0.18,MMA
0.676,0.765,0.777,0.576,0.752,0.594,0.953,0.568,0.806,0.314,0.444,0.376,0.915,0.669,0.878,0.639,0.643,0.565,0.862,0.473,0.747,0.938,0.96,0.953,0.774,0.845,0.736,0.721,0.324,0.522,0.777,0.783,0.314,0.9,0.344,0.334,0.556,0.284,0.121,0.145,0.327,0.407,MMA
0.736,0.352,0.545,0.428,0.702,0.592,0.69,0.817,0.72,0.836,0.603,0.716,0.754,0.313,0.564,0.733,0.517,0.542,0.364,0.946,0.693,0.389,0.55,0.488,0.885,0.331,0.555,0.923,0.306,0.555,0.744,0.783,0.836,0.376,0.585,0.416,0.397,0.252,0.707,0.21,0.067,0.015,IT
0.32,0.471,0.472,0.591,0.804,0.781,0.586,0.434,0.513,0.936,0.863,0.813,0.785,0.7,0.824,0.386,0.674,0.606,0.587,0.637,0.526,0.495,0.527,0.6,0.498,0.623,0.594,0.414,0.641,0.575,0.586,0.44,0.936,0.541,0.313,0.548,0.137,0.418,0.475,0.232,0.261,0.032,CE
0.962,0.393,0.732,0.485,0.954,0.763,0.828,0.453,0.629,0.732,0.839,0.707,0.974,0.923,0.902,0.876,0.663,0.762,0.52,0.707,0.659,0.588,0.74,0.704,0.798,0.336,0.639,0.621,0.484,0.501,0.925,0.804,0.732,0.554,0.207,0.577,0.161,0.276,0.14,0.464,0.101,0.295,CS
0.368,0.633,0.599,0.839,0.447,0.644,0.464,0.587,0.581,0.84,0.46,0.734,0.715,0.566,0.641,0.724,0.692,0.705,0.653,0.423,0.601,0.679,0.392,0.589,0.953,0.963,0.932,0.395,0.663,0.451,0.72,0.409,0.84,0.666,0.371,0.39,0.54,0.592,0.728,0.054,0.078,0.14,IT
0.568,0.856,0.704,0.42,0.487,0.455,0.403,0.728,0.579,0.8,0.956,0.961,0.962,0.471,0.643,0.512,0.927,0.813,0.902,0.377,0.729,0.596,0.307,0.44,0.332,0.681,0.474,0.631,0.729,0.754,0.737,0.534,0.8,0.749,0.301,0.208,0.044,0.658,0.189,0.099,0.299,0.412,MMA
0.384,0.672,0.485,0.333,0.768,0.623,0.414,0.869,0.712,0.94,0.486,0.794,0.524,0.687,0.516,0.331,0.804,0.556,0.479,0.433,0.49,0.3,0.864,0.498,0.434,0.57,0.499,0.548,0.524,0.629,0.428,0.449,0.94,0.389,0.254,0.23,0.514,0.352,0.278,0.006,0.152,0.563,CE
0.511,0.366,0.49,0.724,0.699,0.622,0.398,0.736,0.509,0.653,0.681,0.624,0.964,0.89,0.971,0.355,0.374,0.363,0.412,0.985,0.63,0.641,0.555,0.626,0.39,0.601,0.451,0.921,0.328,0.708,0.66,0.61,0.653,0.526,0.368,0.449,0.319,0.23,0.48,0.095,0.417,0.008,IT
0.977,0.669,0.783,0.554,0.346,0.548,0.328,0.758,0.532,0.964,0.472,0.725,0.638,0.792,0.628,0.436,0.45,0.491,0.432,0.701,0.51,0.903,0.96,0.935,0.547,0.464,0.415,0.488,0.758,0.63,0.537,0.598,0.964,0.668,0.379,0.286,0.528,0.169,0.55,0.096,0.226,0.128,CE
0.659,0.487,0.564,0.63,0.795,0.8,0.531,0.33,0.429,0.681,0.418,0.602,0.989,0.962,0.915,0.913,0.793,0.844,0.678,0.895,0.783,0.561,0.645,0.619,0.432,0.931,0.716,0.743,0.37,0.577,0.951,0.644,0.681,0.62,0.123,0.592,0.582,0.23,0.087,0.056,0.508,0.349,CE
0.712,0.362,0.524,0.422,0.991,0.719,0.781,0.528,0.573,0.983,0.5,0.727,0.755,0.317,0.598,0.676,0.495,0.497,0.414,0.927,0.707,0.475,0.346,0.449,0.701,0.583,0.615,0.452,0.769,0.704,0.716,0.648,0.983,0.444,0.594,0.555,0.5,0.363,0.086,0.405,0.246,0.263,CE
0.478,0.878,0.675,0.68,0.513,0.533,0.36,0.8,0.519,0.783,0.573,0.661,0.628,0.557,0.513,0.517,0.765,0.674,0.5,0.622,0.5,0.447,0.316,0.461,0.447,0.459,0.409,0.389,0.747,0.483,0.572,0.409,0.783,0.474,0.339,0.161,0.427,0.531,0.051,0.366,0.147,0.436,CE
0.69,0.479,0.615,0.381,0.675,0.516,0.488,0.723,0.679,0.999,0.725,0.843,0.458,0.48,0.465,0.557,0.94,0.722,0.561,0.568,0.632,0.756,0.73,0.71,0.873,0.327,0.674,0.659,0.579,0.618,0.508,0.612,0.999,0.659,0.29,0.399,0.275,0.351,0.293,0.003,0.546,0.158,CE
0.54,0.397,0.456,0.647,0.583,0.651,0.595,0.973,0.804,0.865,0.377,0.6,0.536,0.699,0.689,0.355,0.351,0.423,0.449,0.768,0.617,0.883,0.388,0.561,0.69,0.962,0.809,0.529,0.725,0.713,0.446,0.555,0.865,0.666,0.475,0.315,0.623,0.422,0.247,0.734,0.003,0.016,CS
0.727,0.874,0.758,0.467,0.851,0.57,0.559,0.654,0.618,0.81,0.548,0.702,0.71,0.683,0.725,0.482,0.359,0.344,0.457,0.65,0.622,0.791,0.852,0.792,0.583,0.576,0.518,0.343,0.714,0.626,0.596,0.543,0.81,0.624,0.479,0.236,0.452,0.249,0.09,0.024,0.744,0.143,CE
0.881,0.793,0.926,0.586,0.763,0.668,0.741,0.615,0.616,0.656,0.67,0.725,0.815,0.765,0.712,0.804,0.65,0.806,0.944,0.339,0.705,0.326,0.557,0.45,0.404,0.822,0.515,0.418,0.707,0.605,0.81,0.68,0.656,0.635,0.292,0.296,0.33,0.552,0.467,0.23,0.209,0.094,IT
0.301,0.384,0.349,0.773,0.592,0.729,0.665,0.352,0.447,0.888,0.807,0.927,0.382,0.993,0.63,0.308,0.998,0.609,0.768,0.424,0.612,0.933,0.524,0.763,0.432,0.737,0.552,0.448,0.519,0.419,0.345,0.471,0.888,0.85,0.004,0.632,0.193,0.526,0.627,0.137,0.076,0.161,MMA
0.524,0.821,0.767,0.607,0.903,0.768,0.41,0.783,0.599,0.755,0.923,0.827,0.931,0.825,0.876,0.722,0.528,0.722,0.767,0.331,0.514,0.736,0.339,0.443,0.615,0.533,0.562,0.484,0.415,0.487,0.826,0.473,0.755,0.752,0.324,0.198,0.077,0.665,0.325,0.1,0.173,0.402,IT
0.351,0.403,0.292,0.869,0.827,0.898,0.801,0.769,0.78,0.75,0.327,0.563,0.845,0.65,0.719,0.494,0.75,0.661,0.91,0.54,0.779,0.693,0.918,0.811,0.662,0.705,0.733,0.975,0.351,0.574,0.67,0.709,0.75,0.802,0.3,0.414,0.673,0.271,0.539,0.147,0.186,0.128,IT
0.366,0.838,0.651,0.518,0.514,0.584,0.351,0.917,0.585,0.715,0.955,0.871,0.59,0.783,0.655,0.494,0.998,0.796,0.751,0.549,0.56,0.322,0.688,0.557,0.676,0.889,0.689,0.557,0.466,0.501,0.542,0.425,0.715,0.536,0.109,0.123,0.045,0.381,0.013,0.517,0.042,0.428,MMA
0.598,0.99,0.805,0.952,0.304,0.677,0.932,0.398,0.584,0.597,0.954,0.784,0.669,0.399,0.434,0.867,0.361,0.641,0.94,0.446,0.726,0.355,0.723,0.472,0.815,0.511,0.656,0.72,0.42,0.618,0.768,0.75,0.597,0.648,0.62,0.306,0.046,0.416,0.129,0.39,0.062,0.419,CS
0.39,0.598,0.443,0.824,0.483,0.73,0.924,0.438,0.704,0.361,0.574,0.51,0.762,0.737,0.706,0.565,0.372,0.512,0.653,0.796,0.674,0.527,0.534,0.436,0.539,0.862,0.78,0.663,0.619,0.547,0.664,0.659,0.361,0.59,0.446,0.482,0.426,0.335,0.371,0.002,0.509,0.118,IT
0.539,0.947,0.648,0.707,0.684,0.639,0.6,0.757,0.724,0.301,0.956,0.561,0.464,0.484,0.382,0.386,0.99,0.651,0.381,0.375,0.422,0.898,0.48,0.593,0.456,0.34,0.319,0.602,0.461,0.535,0.425,0.58,0.301,0.64,0.263,0.148,0.044,0.572,0.046,0.447,0.374,0.132,CS
0.548,0.567,0.54,0.809,0.616,0.784,0.961,0.535,0.76,0.367,0.44,0.386,0.444,0.914,0.611,0.619,0.724,0.71,0.568,0.908,0.752,0.608,0.347,0.47,0.875,0.73,0.869,0.646,0.383,0.417,0.532,0.718,0.367,0.588,0.181,0.449,0.56,0.373,0.104,0.345,0.45,0.101,CS
0.647,0.595,0.603,0.462,0.395,0.368,0.339,0.439,0.291,0.739,0.521,0.725,0.436,0.542,0.46,0.306,0.887,0.503,0.958,0.924,0.948,0.681,0.758,0.696,0.753,0.331,0.453,0.62,0.685,0.73,0.371,0.535,0.739,0.82,0.286,0.483,0.479,0.159,0.043,0.671,0.091,0.194,CS
0.522,0.58,0.481,0.652,0.861,0.745,0.643,0.894,0.81,0.643,0.48,0.639,0.704,0.455,0.533,0.862,0.331,0.695,0.391,0.857,0.603,0.645,0.916,0.763,0.676,0.335,0.406,0.471,0.776,0.548,0.783,0.545,0.643,0.518,0.607,0.263,0.52,0.113,0.041,0.18,0.355,0.424,CE
0.425,0.356,0.478,0.482,0.897,0.763,0.841,0.418,0.694,0.838,0.718,0.746,0.484,0.385,0.436,0.71,0.552,0.626,0.554,0.749,0.732,0.415,0.567,0.419,0.737,0.81,0.86,0.495,0.965,0.643,0.597,0.587,0.838,0.485,0.532,0.613,0.282,0.342,0.232,0.015,0.563,0.19,CE
0.769,0.882,0.755,0.327,0.915,0.584,0.39,0.628,0.529,0.322,0.492,0.314,0.594,0.927,0.857,0.746,0.413,0.661,0.661,0.408,0.619,0.83,0.812,0.863,0.44,0.448,0.482,0.454,0.607,0.587,0.67,0.538,0.322,0.746,0.33,0.245,0.508,0.39,0.277,0.109,0.284,0.33,MMA
0.758,0.46,0.564,0.52,0.382,0.406,0.447,0.619,0.614,0.373,0.804,0.626,0.367,0.946,0.67,0.555,0.83,0.644,0.785,0.328,0.625,0.614,0.746,0.624,0.774,0.841,0.802,0.732,0.619,0.755,0.461,0.646,0.373,0.7,0.112,0.46,0.196,0.463,0.147,0.394,0.346,0.113,CS
0.461,0.584,0.588,0.459,0.667,0.624,0.547,0.75,0.598,0.376,0.856,0.536,0.49,0.899,0.664,0.981,0.986,0.937,0.329,0.794,0.551,0.371,0.795,0.489,0.909,0.397,0.579,0.423,0.972,0.736,0.736,0.477,0.376,0.35,0.057,0.333,0.144,0.206,0.577,0.181,0.146,0.095,IT
0.636,0.686,0.688,0.48,0.964,0.656,0.976,0.31,0.639,0.533,0.614,0.588,0.605,0.59,0.644,0.78,0.883,0.782,0.727,0.71,0.692,0.64,0.52,0.508,0.45,0.374,0.448,0.763,0.965,0.91,0.692,0.792,0.533,0.684,0.264,0.502,0.386,0.385,0.011,0.451,0.415,0.123,CS
0.71,0.983,0.853,0.934,0.358,0.584,0.609,0.709,0.722,0.992,0.572,0.691,0.861,0.723,0.732,0.646,0.82,0.787,0.65,0.514,0.676,0.764,0.586,0.631,0.812,0.47,0.575,0.671,0.503,0.613,0.754,0.663,0.992,0.707,0.229,0.154,0.428,0.45,0.082,0.699,0.219,0.0,CE
0.389,0.954,0.745,0.464,0.845,0.676,0.98,0.562,0.807,0.344,0.577,0.554,0.677,0.502,0.513,0.792,0.751,0.747,0.966,0.316,0.601,0.945,0.525,0.685,0.674,0.877,0.696,0.96,0.857,0.845,0.734,0.776,0.344,0.956,0.373,0.242,0.423,0.58,0.33,0.129,0.136,0.405,MMA
0.974,0.389,0.665,0.637,0.563,0.573,0.337,0.78,0.545,0.436,0.871,0.714,0.64,0.509,0.602,0.502,0.465,0.53,0.328,0.366,0.249,0.407,0.348,0.477,0.502,0.404,0.402,0.955,0.664,0.783,0.571,0.755,0.436,0.368,0.513,0.416,0.129,0.643,0.644,0.157,0.127,0.072,IT
0.564,0.522,0.579,0.503,0.704,0.517,0.434,0.585,0.597,0.564,0.765,0.615,0.389,0.341,0.326,0.41,0.422,0.468,0.311,0.69,0.477,0.655,0.694,0.637,0.507,0.813,0.734,0.435,0.368,0.481,0.399,0.478,0.564,0.483,0.618,0.446,0.235,0.308,0.238,0.442,0.246,0.074,CS
0.713,0.668,0.631,0.616,0.858,0.755,0.368,0.684,0.566,0.855,0.74,0.728,0.797,0.774,0.691,0.588,0.533,0.595,0.451,0.714,0.665,0.858,0.945,0.997,0.307,0.736,0.504,0.902,0.476,0.785,0.692,0.661,0.855,0.654,0.347,0.324,0.26,0.171,0.337,0.559,0.032,0.072,CS
0.831,0.315,0.637,0.31,0.76,0.508,0.728,0.787,0.726,0.376,0.349,0.38,0.664,0.82,0.744,0.596,0.579,0.492,0.535,0.983,0.834,0.531,0.711,0.69,0.609,0.313,0.376,0.657,0.979,0.857,0.63,0.739,0.376,0.533,0.3,0.449,0.651,0.153,0.02,0.058,0.41,0.511,MMA
0.732,0.751,0.647,0.88,0.852,0.818,0.796,0.45,0.531,0.441,0.425,0.4,0.593,0.656,0.62,0.489,0.32,0.426,0.577,0.509,0.616,0.823,0.9,0.861,0.392,0.787,0.531,0.609,0.346,0.542,0.541,0.712,0.441,0.7,0.512,0.399,0.575,0.296,0.026,0.459,0.392,0.123,CS
0.821,0.734,0.838,0.602,0.85,0.719,0.959,0.64,0.792,0.85,0.875,0.873,0.426,0.627,0.62,0.827,0.868,0.754,0.628,0.753,0.756,0.334,0.897,0.625,0.438,0.522,0.436,0.672,0.336,0.436,0.626,0.817,0.85,0.481,0.252,0.313,0.125,0.175,0.623,0.053,0.099,0.225,IT
0.662,0.835,0.738,0.853,0.733,0.715,0.409,0.606,0.487,0.82,0.707,0.741,0.42,0.459,0.454,0.596,0.66,0.563,0.764,0.897,0.782,0.644,0.983,0.78,0.717,0.363,0.561,0.363,0.971,0.71,0.508,0.478,0.82,0.704,0.44,0.28,0.293,0.06,0.364,0.286,0.209,0.14,CE
0.901,0.97,0.935,0.952,0.708,0.838,0.618,0.447,0.433,0.469,0.657,0.539,0.614,0.986,0.77,0.617,0.393,0.415,0.843,0.699,0.823,0.405,0.7,0.503,0.46,0.308,0.31,0.516,0.382,0.546,0.615,0.678,0.469,0.624,0.31,0.292,0.343,0.3,0.228,0.086,0.137,0.548,MMA
0.345,0.904,0.717,0.473,0.615,0.448,0.748,0.59,0.623,0.445,0.758,0.585,0.426,0.782,0.617,0.901,0.382,0.699,0.771,0.381,0.615,0.609,0.961,0.714,0.75,0.567,0.75,0.531,0.974,0.833,0.664,0.541,0.445,0.69,0.418,0.253,0.242,0.329,0.041,0.212,0.708,0.038,CE
0.606,0.664,0.594,0.311,0.454,0.339,0.611,0.42,0.59,0.793,0.36,0.607,0.758,0.969,0.764,0.474,0.949,0.798,0.804,0.836,0.739,0.66,0.462,0.497,0.867,0.395,0.625,0.957,0.43,0.789,0.616,0.725,0.793,0.732,0.041,0.458,0.64,0.351,0.789,0.124,0.029,0.058,IT
0.597,0.517,0.513,0.981,0.407,0.741,0.3,0.717,0.592,0.502,0.43,0.496,0.799,0.782,0.754,0.477,0.969,0.808,0.62,0.892,0.747,0.597,0.41,0.489,0.676,0.316,0.485,0.847,0.776,0.839,0.638,0.581,0.502,0.608,0.125,0.383,0.57,0.349,0.502,0.004,0.17,0.324,IT
0.679,0.527,0.53,0.921,0.63,0.851,0.71,0.772,0.802,0.761,0.579,0.673,0.862,0.562,0.689,0.367,0.94,0.572,0.754,0.589,0.653,0.776,0.347,0.58,0.84,0.88,0.794,0.928,0.759,0.92,0.614,0.772,0.761,0.765,0.249,0.351,0.421,0.532,0.106,0.125,0.402,0.368,CE
0.614,0.492,0.532,0.571,0.501,0.49,0.903,0.349,0.661,0.421,0.541,0.393,0.489,0.838,0.74,0.455,0.624,0.534,0.912,0.834,0.875,0.77,0.893,0.733,0.582,0.935,0.807,0.68,0.671,0.645,0.472,0.732,0.421,0.841,0.269,0.58,0.459,0.137,0.204,0.296,0.151,0.348,MMA
0.903,0.408,0.646,0.586,0.781,0.633,0.748,0.914,0.815,0.938,0.995,0.888,0.463,0.965,0.806,0.368,0.31,0.272,0.997,0.426,0.712,0.894,0.314,0.625,0.494,0.904,0.655,0.781,0.772,0.721,0.416,0.811,0.938,0.946,0.363,0.339,0.005,0.63,0.014,0.206,0.133,0.647,MMA
0.86,0.62,0.761,0.723,0.879,0.786,0.493,0.486,0.496,0.614,0.608,0.529,0.803,0.45,0.566,0.589,0.459,0.541,0.56,0.614,0.595,0.442,0.409,0.502,0.604,0.588,0.503,0.649,0.688,0.68,0.696,0.667,0.614,0.501,0.546,0.447,0.392,0.489,0.363,0.058,0.086,0.493,IT
0.963,0.395,0.679,0.45,0.342,0.361,0.401,0.797,0.606,0.401,0.306,0.415,0.423,0.724,0.541,0.71,0.521,0.533,0.456,0.432,0.429,0.761,0.485,0.525,0.663,0.724,0.786,0.713,0.63,0.686,0.566,0.692,0.401,0.608,0.377,0.404,0.694,0.542,0.52,0.349,0.077,0.054,CS
0.484,0.653,0.617,0.652,0.347,0.545,0.864,0.503,0.716,0.599,0.922,0.83,0.668,0.784,0.803,0.647,0.519,0.634,0.454,0.572,0.586,0.807,0.583,0.638,0.549,0.499,0.459,0.82,0.476,0.639,0.658,0.723,0.599,0.631,0.349,0.422,0.078,0.423,0.096,0.79,0.097,0.016,CS
0.363,0.714,0.558,0.593,0.602,0.508,0.662,0.653,0.587,0.373,0.387,0.3,0.727,0.438,0.532,0.422,0.97,0.767,0.461,0.529,0.437,0.644,0.314,0.513,0.666,0.929,0.731,0.863,0.854,0.784,0.574,0.629,0.373,0.552,0.296,0.316,0.613,0.578,0.393,0.144,0.227,0.236,IT
0.689,0.588,0.728,0.388,0.982,0.631,0.841,0.537,0.618,0.901,0.516,0.74,0.697,0.63,0.663,0.813,0.361,0.621,0.927,0.34,0.562,0.802,0.606,0.685,0.396,0.655,0.451,0.634,0.835,0.686,0.755,0.721,0.901,0.864,0.504,0.438,0.484,0.527,0.077,0.569,0.137,0.217,CS
0.59,0.838,0.622,0.386,0.442,0.394,0.892,0.542,0.748,0.797,0.71,0.725,0.704,0.54,0.539,0.995,0.389,0.606,0.915,0.511,0.743,0.53,0.574,0.505,0.54,0.587,0.608,0.658,0.96,0.718,0.849,0.713,0.797,0.722,0.536,0.31,0.29,0.458,0.168,0.211,0.608,0.012,CE
0.701,0.898,0.748,0.913,0.313,0.66,0.953,0.76,0.844,0.331,0.944,0.632,0.32,0.783,0.548,0.387,0.45,0.331,0.702,0.735,0.72,0.872,0.903,0.91,0.309,0.787,0.531,0.696,0.754,0.695,0.354,0.783,0.331,0.787,0.383,0.171,0.056,0.181,0.664,0.038,0.297,0.001,CS
0.947,0.379,0.582,0.533,0.561,0.49,0.71,0.61,0.567,0.524,0.867,0.733,0.807,0.789,0.76,0.37,0.491,0.497,0.986,0.646,0.718,0.398,0.525,0.477,0.353,0.96,0.629,0.939,0.846,0.944,0.588,0.865,0.524,0.692,0.36,0.506,0.133,0.414,0.238,0.251,0.259,0.252,CS
0.688,0.99,0.886,0.844,0.911,0.82,0.359,0.638,0.501,0.88,0.611,0.76,0.669,0.327,0.521,0.88,0.41,0.664,0.716,0.415,0.49,0.986,0.576,0.726,0.42,0.767,0.616,0.75,0.362,0.635,0.774,0.599,0.88,0.851,0.632,0.186,0.389,0.505,0.249,0.189,0.313,0.249,CE
0.905,0.95,0.888,0.905,0.847,0.962,0.472,0.704,0.543,0.877,0.304,0.603,0.537,0.526,0.561,0.896,0.726,0.882,0.485,0.664,0.565,0.308,0.69,0.531,0.714,0.815,0.779,0.347,0.382,0.383,0.716,0.575,0.877,0.396,0.374,0.173,0.696,0.323,0.181,0.047,0.316,0.456,CE
0.53,0.804,0.696,0.533,0.828,0.71,0.746,0.687,0.619,0.788,0.563,0.764,0.873,0.711,0.742,0.443,0.538,0.486,0.507,0.66,0.517,0.984,0.376,0.766,0.94,0.668,0.849,0.605,0.741,0.641,0.658,0.627,0.788,0.746,0.375,0.254,0.437,0.482,0.129,0.311,0.248,0.312,MMA
0.501,0.557,0.446,0.337,0.477,0.322,0.373,0.869,0.529,0.761,0.491,0.7,0.639,0.514,0.58,0.567,0.695,0.554,0.998,0.598,0.768,0.797,0.555,0.743,0.618,0.804,0.632,0.892,0.815,0.796,0.603,0.589,0.761,0.898,0.395,0.287,0.509,0.424,0.034,0.083,0.817,0.065,CE
0.619,0.321,0.45,0.7,0.967,0.837,0.873,0.683,0.686,0.521,0.703,0.702,0.901,0.46,0.625,0.441,0.946,0.764,0.842,0.575,0.71,0.625,0.477,0.552,0.321,0.392,0.434,0.826,0.596,0.715,0.671,0.773,0.521,0.734,0.297,0.498,0.297,0.474,0.097,0.282,0.32,0.301,CS
0.806,0.443,0.592,0.629,0.532,0.631,0.531,0.397,0.443,0.986,0.458,0.744,0.603,0.35,0.474,0.792,0.659,0.8,0.502,0.36,0.519,0.565,0.703,0.693,0.527,0.801,0.591,0.504,0.401,0.515,0.698,0.614,0.986,0.534,0.496,0.58,0.542,0.468,0.049,0.246,0.559,0.146,CE
0.678,0.623,0.616,0.633,0.722,0.775,0.956,0.904,1.0,0.627,0.76,0.773,0.575,0.973,0.757,0.721,0.797,0.849,0.471,0.822,0.651,0.488,0.844,0.676,0.763,0.526,0.641,0.732,0.583,0.597,0.648,0.789,0.627,0.48,0.115,0.236,0.24,0.167,0.559,0.123,0.227,0.091,IT
0.549,0.585,0.549,0.681,0.68,0.68,0.394,0.647,0.455,0.388,0.953,0.692,0.762,0.581,0.753,0.747,0.838,0.766,0.972,0.874,0.994,0.421,0.49,0.412,0.49,0.899,0.601,0.353,0.492,0.362,0.754,0.432,0.388,0.696,0.29,0.384,0.047,0.318,0.098,0.593,0.307,0.002,CS
0.601,0.586,0.516,0.773,0.791,0.827,0.81,0.3,0.646,0.87,0.933,0.804,0.954,0.867,0.978,0.365,0.817,0.683,0.775,0.699,0.826,0.61,0.72,0.66,0.953,0.353,0.653,0.781,0.854,0.834,0.66,0.731,0.87,0.692,0.158,0.557,0.067,0.29,0.411,0.489,0.011,0.088,CS
0.316,0.531,0.431,0.938,0.893,0.841,0.365,0.712,0.545,0.486,0.93,0.794,0.582,0.923,0.729,0.816,0.633,0.649,0.95,0.618,0.831,0.557,0.313,0.355,0.647,0.783,0.682,0.787,0.789,0.829,0.699,0.489,0.486,0.754,0.222,0.379,0.07,0.534,0.154,0.558,0.152,0.136,CS
0.44,0.515,0.386,0.743,0.474,0.57,0.84,0.529,0.633,0.418,0.842,0.556,0.618,0.655,0.674,0.743,0.868,0.714,0.508,0.496,0.431,0.502,0.517,0.514,0.765,0.567,0.71,0.535,0.503,0.527,0.68,0.605,0.418,0.505,0.238,0.478,0.158,0.494,0.007,0.024,0.154,0.815,MMA
0.805,0.362,0.653,0.813,0.728,0.834,0.583,0.455,0.521,0.684,0.677,0.694,0.964,0.932,1.0,0.861,0.96,0.83,0.486,0.647,0.635,0.654,0.824,0.666,0.477,0.812,0.577,0.546,0.485,0.486,0.912,0.645,0.684,0.57,0.054,0.592,0.323,0.264,0.473,0.176,0.311,0.04,IT
0.864,0.559,0.741,0.808,0.447,0.704,0.731,0.6,0.602,0.96,0.829,0.836,0.536,0.867,0.741,0.836,0.609,0.766,0.571,0.448,0.536,0.983,0.517,0.743,0.772,0.679,0.794,0.833,0.341,0.687,0.686,0.809,0.96,0.777,0.262,0.42,0.171,0.518,0.219,0.312,0.165,0.304,CE
0.379,0.543,0.536,0.441,0.355,0.456,0.885,0.414,0.72,0.781,0.664,0.788,0.593,0.436,0.472,0.654,0.672,0.724,0.854,0.707,0.837,0.434,0.335,0.459,0.353,0.473,0.452,0.587,0.913,0.71,0.624,0.617,0.781,0.644,0.446,0.522,0.336,0.479,0.007,0.21,0.506,0.277,CE
0.674,0.914,0.877,0.486,0.623,0.565,0.964,0.999,0.929,0.809,0.565,0.588,0.306,0.622,0.462,0.316,0.781,0.507,0.692,0.511,0.535,0.585,0.463,0.531,0.439,0.656,0.479,0.77,0.828,0.721,0.311,0.803,0.809,0.638,0.298,0.043,0.435,0.513,0.328,0.038,0.474,0.16,CE
0.669,0.662,0.751,0.684,0.708,0.677,0.964,0.844,0.861,0.891,0.603,0.813,0.876,0.432,0.694,0.503,0.508,0.465,0.808,0.461,0.535,0.801,0.42,0.531,0.466,0.566,0.511,0.331,0.979,0.699,0.69,0.655,0.891,0.804,0.53,0.247,0.397,0.56,0.166,0.163,0.253,0.418,MMA
0.402,0.432,0.489,0.479,0.566,0.597,0.764,0.539,0.688,0.314,0.815,0.562,0.869,0.968,1.0,0.936,0.659,0.77,0.626,0.783,0.781,0.445,0.943,0.757,0.985,0.916,0.907,0.374,0.379,0.335,0.903,0.513,0.314,0.536,0.186,0.514,0.185,0.137,0.163,0.279,0.392,0.167,IT
0.304,0.43,0.287,0.554,0.651,0.511,0.544,0.425,0.514,0.625,0.647,0.621,0.969,0.45,0.713,0.815,0.69,0.838,0.565,0.625,0.512,0.726,0.502,0.546,0.681,0.673,0.592,0.789,0.737,0.7,0.892,0.546,0.625,0.646,0.43,0.572,0.353,0.436,0.2,0.403,0.238,0.159,IT
0.526,0.727,0.714,0.77,0.352,0.553,0.924,0.366,0.743,0.964,0.355,0.746,0.554,0.891,0.706,0.609,0.744,0.731,0.324,0.715,0.457,0.542,0.544,0.537,0.534,0.375,0.384,0.323,0.629,0.567,0.582,0.591,0.964,0.433,0.182,0.454,0.645,0.371,0.023,0.543,0.246,0.188,CE
0.752,0.879,0.737,0.653,0.788,0.738,0.883,0.351,0.655,0.674,0.565,0.588,0.735,0.924,0.828,0.877,0.582,0.65,0.343,0.336,0.316,0.536,0.803,0.718,0.336,0.455,0.35,0.683,0.401,0.469,0.806,0.773,0.674,0.44,0.247,0.385,0.435,0.43,0.55,0.312,0.038,0.1,IT
0.549,0.854,0.703,0.389,0.817,0.583,0.484,0.563,0.523,0.54,0.469,0.484,0.313,0.841,0.511,0.331,0.758,0.599,0.87,0.645,0.699,0.816,0.79,0.752,0.932,0.373,0.749,0.902,0.782,0.93,0.322,0.645,0.54,0.843,0.2,0.292,0.531,0.282,0.596,0.098,0.271,0.034,MMA
0.573,0.819,0.673,0.531,0.717,0.698,0.333,0.57,0.383,0.787,0.374,0.613,0.5,0.439,0.557,0.313,0.606,0.364,0.639,0.651,0.609,0.393,0.563,0.512,0.848,0.672,0.778,0.44,0.501,0.403,0.406,0.449,0.787,0.516,0.478,0.306,0.626,0.393,0.136,0.121,0.349,0.394,CE
0.961,0.437,0.728,0.872,0.692,0.733,0.484,0.327,0.367,0.821,0.333,0.521,0.794,0.848,0.812,0.789,0.572,0.612,0.579,0.706,0.732,0.348,0.655,0.467,0.656,0.317,0.449,0.874,0.688,0.771,0.792,0.773,0.821,0.463,0.29,0.618,0.667,0.32,0.113,0.119,0.162,0.606,CE
0.977,0.607,0.771,0.893,0.599,0.756,0.462,0.82,0.647,0.866,0.847,0.799,0.801,0.86,0.8,0.421,0.302,0.352,0.547,0.688,0.555,0.902,0.48,0.636,0.636,0.649,0.586,0.49,0.419,0.498,0.611,0.643,0.866,0.724,0.419,0.286,0.153,0.416,0.315,0.133,0.268,0.285,CE
0.397,0.976,0.751,0.443,0.43,0.362,0.397,0.824,0.604,0.848,0.822,0.856,0.78,0.313,0.509,0.746,0.307,0.433,0.896,0.779,0.791,0.782,0.855,0.78,0.325,0.953,0.608,0.375,0.644,0.563,0.763,0.39,0.848,0.839,0.69,0.1,0.178,0.183,0.045,0.056,0.049,0.85,MMA
0.438,0.703,0.656,0.403,0.98,0.781,0.919,0.45,0.712,0.833,0.99,0.848,0.836,0.537,0.622,0.595,0.856,0.718,0.676,0.997,0.816,0.731,0.556,0.622,0.787,0.957,0.88,0.838,0.362,0.542,0.716,0.732,0.833,0.704,0.304,0.424,0.01,0.224,0.401,0.012,0.168,0.419,IT
0.31,0.485,0.401,0.701,0.948,0.854,0.59,0.951,0.828,0.44,0.392,0.451,0.692,0.853,0.82,0.738,0.99,0.871,0.379,0.88,0.58,0.844,0.97,0.946,0.717,0.622,0.643,0.547,0.745,0.697,0.715,0.482,0.44,0.611,0.079,0.282,0.608,0.075,0.315,0.061,0.189,0.435,IT
0.633,0.676,0.709,0.763,0.587,0.754,0.414,0.997,0.629,0.31,0.923,0.566,0.811,0.868,0.911,0.994,0.506,0.792,0.381,0.585,0.552,0.557,0.714,0.636,0.752,0.981,0.778,0.702,0.904,0.799,0.903,0.583,0.31,0.469,0.313,0.163,0.077,0.351,0.055,0.557,0.273,0.114,CS
0.894,0.665,0.866,0.864,0.785,0.726,0.599,0.438,0.601,0.422,0.5,0.465,0.484,0.447,0.485,0.362,0.341,0.326,0.804,0.688,0.731,0.696,0.556,0.713,0.338,0.771,0.633,0.863,0.429,0.605,0.423,0.785,0.422,0.75,0.606,0.448,0.5,0.378,0.294,0.021,0.389,0.296,MMA
0.811,0.37,0.634,0.776,0.882,0.737,0.316,0.561,0.368,0.691,0.942,0.795,0.891,0.3,0.53,0.321,0.53,0.507,0.368,0.724,0.536,0.957,0.386,0.614,0.321,0.604,0.418,0.909,0.723,0.839,0.606,0.679,0.691,0.662,0.585,0.534,0.058,0.445,0.084,0.011,0.065,0.841,MMA
0.885,0.925,0.97,0.372,0.459,0.316,0.512,0.376,0.439,0.774,0.912,0.893,0.957,0.338,0.55,0.763,0.503,0.583,0.532,0.489,0.513,0.608,0.659,0.668,0.571,0.476,0.457,0.545,0.819,0.733,0.86,0.647,0.774,0.57,0.58,0.349,0.088,0.426,0.355,0.086,0.286,0.273,IT
0.639,0.685,0.66,0.696,0.801,0.67,0.825,0.395,0.523,0.983,0.97,0.889,0.61,0.43,0.517,0.881,0.965,0.95,0.548,0.722,0.597,0.937,0.909,0.935,0.527,0.505,0.423,0.871,0.615,0.708,0.746,0.778,0.983,0.742,0.302,0.46,0.03,0.184,0.144,0.386,0.03,0.44,CS
0.928,0.963,0.925,0.452,0.562,0.473,0.423,0.725,0.57,0.906,0.322,0.643,0.834,0.832,0.91,0.81,0.949,0.846,0.652,0.31,0.382,0.468,0.371,0.371,0.424,0.32,0.454,0.306,0.815,0.491,0.822,0.552,0.906,0.56,0.11,0.156,0.678,0.66,0.356,0.326,0.155,0.163,IT
0.304,0.989,0.722,0.927,0.761,0.813,0.926,0.504,0.727,0.37,0.945,0.586,0.457,0.691,0.627,0.734,0.462,0.498,0.83,0.99,0.972,0.622,0.933,0.759,0.667,0.634,0.64,0.843,0.669,0.719,0.596,0.691,0.37,0.726,0.424,0.254,0.055,0.038,0.203,0.026,0.594,0.177,MMA
0.404,0.758,0.617,0.827,0.653,0.818,0.955,0.865,0.937,0.513,0.988,0.705,0.442,0.61,0.437,0.985,0.712,0.86,0.759,0.648,0.61,0.729,0.801,0.748,0.83,0.459,0.589,0.413,0.56,0.556,0.714,0.591,0.513,0.744,0.339,0.188,0.012,0.275,0.399,0.109,0.202,0.289,IT
0.469,0.418,0.538,0.732,0.987,0.827,0.792,0.456,0.576,0.658,0.524,0.525,0.484,0.325,0.445,0.644,0.366,0.44,0.372,0.729,0.469,0.828,0.314,0.521,0.923,0.803,0.778,0.875,0.645,0.829,0.564,0.712,0.658,0.6,0.654,0.563,0.476,0.479,0.125,0.156,0.684,0.036,CE
0.737,0.622,0.587,0.31,0.383,0.377,0.697,0.687,0.599,0.629,0.947,0.767,0.737,0.846,0.848,0.663,0.901,0.76,0.922,0.468,0.651,0.337,0.857,0.58,0.46,0.462,0.542,0.884,0.687,0.809,0.7,0.773,0.629,0.63,0.127,0.345,0.053,0.338,0.172,0.133,0.66,0.036,CE
0.593,0.541,0.567,0.62,0.663,0.57,0.659,0.47,0.501,0.345,0.834,0.575,0.739,0.809,0.81,0.629,0.572,0.576,0.748,0.646,0.767,0.912,0.419,0.593,0.741,0.511,0.53,0.922,0.459,0.776,0.684,0.725,0.345,0.83,0.31,0.494,0.166,0.468,0.396,0.45,0.07,0.084,CS
0.665,0.42,0.504,0.525,0.412,0.409,0.852,0.417,0.54,0.741,0.983,0.828,0.383,0.699,0.622,0.849,0.736,0.755,0.679,0.364,0.557,0.808,0.976,0.844,0.313,0.682,0.539,0.853,0.436,0.597,0.616,0.79,0.741,0.744,0.282,0.582,0.017,0.33,0.193,0.108,0.528,0.172,CE
0.86,0.706,0.838,0.533,0.882,0.662,0.682,0.45,0.561,0.523,0.487,0.598,0.412,0.851,0.728,0.314,0.789,0.502,0.328,0.582,0.542,0.308,0.712,0.51,0.911,0.359,0.671,0.776,0.768,0.861,0.363,0.773,0.523,0.318,0.18,0.422,0.513,0.353,0.593,0.015,0.218,0.174,CS
0.517,0.616,0.543,0.603,0.985,0.712,0.946,0.636,0.816,0.881,0.552,0.703,0.587,0.562,0.66,0.88,0.376,0.55,0.6,0.369,0.508,0.401,0.666,0.435,0.522,0.774,0.645,0.985,0.912,0.92,0.734,0.816,0.881,0.5,0.531,0.374,0.448,0.482,0.008,0.309,0.4,0.284,CE
0.39,0.999,0.646,0.807,0.936,0.818,0.936,0.517,0.821,0.497,0.967,0.643,0.796,0.672,0.73,0.456,0.794,0.563,0.687,0.477,0.673,0.32,0.44,0.328,0.59,0.463,0.525,0.911,0.798,0.871,0.626,0.746,0.497,0.504,0.267,0.242,0.033,0.542,0.031,0.394,0.061,0.514,CS
0.475,0.592,0.504,0.901,0.389,0.658,0.399,0.793,0.677,0.604,0.642,0.708,0.665,0.641,0.669,0.782,0.375,0.643,0.605,0.351,0.535,0.564,0.37,0.494,0.916,0.921,1.0,0.907,0.301,0.58,0.724,0.594,0.604,0.584,0.492,0.308,0.358,0.64,0.425,0.114,0.229,0.232,IT
0.556,0.933,0.745,0.625,0.998,0.811,0.425,0.659,0.605,0.844,0.852,0.89,0.478,0.903,0.769,0.436,0.391,0.509,0.908,0.925,0.994,0.679,0.752,0.725,0.336,0.822,0.58,0.753,0.652,0.701,0.457,0.578,0.844,0.794,0.353,0.204,0.148,0.161,0.208,0.361,0.191,0.24,CE
0.981,0.407,0.648,0.713,0.727,0.651,0.856,0.85,0.8,0.502,0.957,0.794,0.788,0.358,0.557,0.692,0.431,0.551,0.721,0.529,0.681,0.888,0.527,0.775,0.373,0.886,0.56,0.358,0.749,0.548,0.74,0.732,0.502,0.804,0.606,0.372,0.043,0.472,0.616,0.117,0.087,0.18,IT
0.619,0.541,0.619,0.832,0.897,0.959,0.487,0.801,0.623,0.774,0.633,0.802,0.81,0.967,0.955,0.932,0.87,0.893,0.476,0.559,0.422,0.667,0.654,0.665,0.982,0.938,0.892,0.558,0.597,0.55,0.871,0.555,0.774,0.572,0.082,0.329,0.367,0.393,0.313,0.145,0.166,0.375,IT
0.864,0.393,0.671,0.605,0.506,0.466,0.641,0.549,0.545,0.786,0.839,0.761,0.335,0.894,0.516,0.956,0.739,0.812,0.473,0.306,0.337,0.396,0.729,0.496,0.67,0.713,0.651,0.325,0.326,0.231,0.646,0.61,0.786,0.434,0.184,0.529,0.161,0.483,0.346,0.099,0.41,0.146,CE
0.617,0.659,0.681,0.491,0.385,0.449,0.529,0.61,0.599,0.646,0.734,0.699,0.818,0.794,0.813,0.775,0.911,0.83,0.589,0.835,0.728,0.35,0.924,0.543,0.824,0.831,0.918,0.338,0.718,0.513,0.796,0.495,0.646,0.47,0.147,0.365,0.266,0.121,0.203,0.048,0.419,0.33,IT
0.373,0.729,0.599,0.837,0.934,0.867,0.967,0.906,0.896,0.411,0.605,0.489,0.703,0.708,0.756,0.657,0.373,0.587,0.517,0.98,0.672,0.971,0.364,0.613,0.333,0.794,0.633,0.604,0.95,0.795,0.68,0.648,0.411,0.744,0.46,0.182,0.395,0.328,0.272,0.511,0.096,0.12,CS
0.934,0.931,1.0,0.931,0.389,0.725,0.587,0.994,0.785,0.688,0.671,0.644,0.353,0.927,0.7,0.398,0.844,0.646,0.586,0.478,0.604,0.79,0.683,0.759,0.364,0.632,0.436,0.446,0.763,0.687,0.376,0.656,0.688,0.688,0.115,0.037,0.329,0.42,0.134,0.061,0.272,0.533,MMA
0.824,0.908,0.873,0.826,0.398,0.582,0.573,0.658,0.701,0.912,0.394,0.588,0.55,0.504,0.55,0.932,0.974,0.983,0.887,0.668,0.719,0.667,0.689,0.726,0.454,0.558,0.479,0.972,0.611,0.842,0.741,0.79,0.912,0.777,0.261,0.217,0.606,0.322,0.29,0.064,0.177,0.469,MMA
0.633,0.962,0.74,0.352,0.924,0.708,0.995,0.776,0.973,0.879,0.891,0.899,0.568,0.954,0.747,0.677,0.612,0.658,0.629,0.334,0.558,0.611,0.712,0.59,0.302,0.472,0.428,0.369,0.936,0.596,0.622,0.666,0.879,0.62,0.217,0.131,0.109,0.477,0.119,0.104,0.007,0.769,MMA
0.913,0.73,0.759,0.5,0.633,0.657,0.473,0.812,0.631,0.508,0.619,0.478,0.859,0.47,0.71,0.348,0.969,0.597,0.918,0.867,0.986,0.635,0.809,0.696,0.429,0.61,0.453,0.987,0.367,0.695,0.603,0.791,0.508,0.776,0.28,0.229,0.381,0.162,0.332,0.26,0.366,0.042,CS
0.689,0.501,0.683,0.833,0.981,0.815,0.5,0.437,0.37,0.47,0.775,0.569,0.656,0.921,0.828,0.576,0.561,0.56,0.424,0.744,0.557,0.897,0.83,0.885,0.555,0.447,0.556,0.64,0.457,0.488,0.616,0.61,0.47,0.66,0.259,0.531,0.225,0.213,0.067,0.558,0.097,0.278,CS
0.616,0.706,0.736,0.907,0.616,0.665,0.599,0.724,0.673,0.756,0.408,0.611,0.428,0.825,0.594,0.797,0.334,0.547,0.794,0.459,0.685,0.742,0.711,0.697,0.638,0.718,0.672,0.789,0.604,0.637,0.612,0.668,0.756,0.768,0.42,0.285,0.592,0.415,0.121,0.003,0.18,0.696,MMA
0.856,0.442,0.741,0.652,0.942,0.838,0.806,0.36,0.527,0.306,0.801,0.523,0.851,0.537,0.758,0.391,0.421,0.375,0.586,0.544,0.618,0.368,0.546,0.524,0.347,0.96,0.75,0.362,0.504,0.407,0.621,0.675,0.306,0.477,0.521,0.599,0.199,0.455,0.309,0.187,0.213,0.292,IT
0.383,0.883,0.674,0.704,0.923,0.854,0.441,0.601,0.52,0.339,0.968,0.579,0.788,0.654,0.626,0.947,0.896,0.927,0.46,0.385,0.395,0.479,0.655,0.66,0.702,0.923,0.843,0.633,0.898,0.76,0.867,0.486,0.339,0.47,0.225,0.258,0.032,0.48,0.457,0.078,0.031,0.435,IT
0.711,0.922,0.904,0.338,0.651,0.469,0.738,0.856,0.753,0.69,0.796,0.67,0.87,0.724,0.887,0.538,0.376,0.458,0.36,0.979,0.577,0.827,0.668,0.721,0.346,0.736,0.558,0.497,0.937,0.678,0.704,0.649,0.69,0.593,0.45,0.111,0.204,0.176,0.143,0.188,0.025,0.644,MMA
0.562,0.357,0.437,0.72,0.66,0.729,0.339,0.499,0.483,0.356,0.899,0.546,0.884,0.553,0.741,0.407,0.346,0.32,0.389,0.519,0.457,0.712,0.853,0.814,0.726,0.588,0.652,0.59,0.89,0.686,0.646,0.497,0.356,0.55,0.55,0.572,0.101,0.314,0.002,0.302,0.065,0.632,MMA
0.901,0.354,0.549,0.647,0.726,0.642,0.802,0.716,0.724,0.318,0.825,0.514,0.884,0.594,0.755,0.911,0.905,0.882,0.446,0.843,0.631,0.434,0.933,0.623,0.318,0.314,0.341,0.763,0.518,0.604,0.898,0.822,0.318,0.44,0.25,0.465,0.175,0.112,0.097,0.268,0.014,0.621,CS
0.456,1.0,0.662,0.84,0.456,0.564,0.912,0.901,0.888,0.792,0.69,0.811,0.521,0.667,0.591,0.548,0.924,0.669,0.405,0.704,0.586,0.436,0.574,0.594,0.473,0.768,0.668,0.614,0.956,0.832,0.534,0.661,0.792,0.42,0.204,0.049,0.31,0.361,0.173,0.239,0.334,0.254,CE
0.915,0.55,0.692,0.45,0.326,0.297,0.909,0.775,0.874,0.73,0.894,0.808,0.909,0.552,0.816,0.789,0.48,0.647,0.673,0.397,0.553,0.52,0.337,0.518,0.749,0.914,0.867,0.55,0.659,0.64,0.849,0.791,0.73,0.596,0.484,0.337,0.106,0.633,0.395,0.036,0.254,0.315,IT
0.769,0.952,0.84,0.967,0.792,0.788,0.935,0.639,0.779,0.697,0.405,0.544,0.882,0.311,0.551,0.302,0.591,0.492,0.859,0.962,0.932,0.478,0.947,0.768,0.702,0.787,0.829,0.799,0.558,0.721,0.592,0.834,0.697,0.668,0.549,0.205,0.595,0.046,0.033,0.396,0.423,0.148,CS
0.316,0.393,0.386,0.862,0.992,0.896,0.72,0.956,0.771,0.802,0.828,0.733,0.903,0.869,0.793,0.364,0.334,0.316,0.657,0.673,0.618,0.938,0.558,0.657,0.51,0.672,0.573,0.492,0.392,0.506,0.634,0.509,0.802,0.798,0.398,0.326,0.172,0.384,0.751,0.054,0.065,0.13,IT
0.803,0.574,0.77,0.692,0.615,0.683,0.967,0.856,0.82,0.533,0.629,0.544,0.79,0.878,0.881,0.993,0.491,0.817,0.837,0.554,0.742,0.373,0.853,0.619,0.505,0.759,0.66,0.447,0.321,0.371,0.892,0.739,0.533,0.605,0.316,0.285,0.371,0.296,0.133,0.331,0.417,0.119,IT
0.828,0.608,0.767,0.443,0.56,0.528,0.313,0.806,0.626,0.579,0.614,0.667,0.843,0.502,0.637,0.775,0.694,0.667,0.517,0.93,0.761,0.99,0.837,1.0,0.451,0.84,0.55,0.77,0.628,0.668,0.809,0.637,0.579,0.754,0.402,0.293,0.386,0.117,0.407,0.395,0.005,0.193,IT
0.557,0.591,0.641,0.517,0.96,0.674,0.764,0.77,0.718,0.527,0.884,0.758,0.53,0.674,0.514,0.446,0.64,0.46,0.89,0.803,0.935,0.785,0.958,0.883,0.72,0.984,0.88,0.322,0.807,0.645,0.488,0.548,0.527,0.838,0.343,0.32,0.116,0.119,0.194,0.107,0.136,0.564,MMA
0.363,0.767,0.522,0.748,0.725,0.667,0.445,0.735,0.516,0.486,0.885,0.651,0.642,0.959,0.746,0.573,0.725,0.7,0.931,0.941,0.991,0.46,0.317,0.365,0.399,0.797,0.63,0.331,0.886,0.558,0.607,0.38,0.486,0.696,0.158,0.249,0.115,0.371,0.201,0.392,0.2,0.207,MMA
0.346,0.581,0.516,0.941,0.589,0.75,0.792,0.96,0.829,0.608,0.857,0.755,0.377,0.739,0.496,0.657,0.67,0.739,0.624,0.496,0.506,0.912,0.42,0.651,0.431,0.841,0.631,0.546,0.553,0.62,0.517,0.561,0.608,0.768,0.296,0.23,0.143,0.542,0.121,0.19,0.341,0.348,MMA
0.53,0.967,0.653,0.564,0.927,0.7,0.491,0.512,0.524,0.607,0.809,0.787,0.772,0.443,0.694,0.485,0.405,0.363,0.694,0.38,0.465,0.51,0.497,0.524,0.872,0.833,0.805,0.472,0.976,0.626,0.629,0.498,0.607,0.602,0.576,0.26,0.191,0.562,0.371,0.039,0.516,0.073,CE
0.608,0.795,0.719,0.523,0.688,0.651,0.33,0.308,0.31,0.392,0.765,0.521,0.603,0.438,0.53,0.381,0.316,0.259,0.968,0.4,0.725,0.348,0.376,0.363,0.625,0.966,0.885,0.846,0.721,0.775,0.492,0.595,0.392,0.658,0.623,0.448,0.235,0.612,0.085,0.569,0.179,0.167,CS
0.462,0.333,0.487,0.52,0.61,0.488,0.886,0.319,0.669,0.398,0.921,0.705,0.415,0.696,0.518,0.425,0.901,0.644,0.579,0.419,0.476,0.91,0.554,0.822,0.962,0.401,0.617,0.904,0.575,0.64,0.42,0.751,0.398,0.744,0.202,0.674,0.079,0.514,0.107,0.306,0.539,0.048,CS
0.377,0.945,0.712,0.713,0.838,0.761,0.831,0.56,0.644,0.81,0.594,0.798,0.545,0.945,0.832,0.469,0.859,0.651,0.942,0.615,0.828,0.627,0.459,0.483,0.598,0.829,0.734,0.782,0.498,0.636,0.507,0.663,0.81,0.784,0.098,0.248,0.406,0.463,0.007,0.248,0.669,0.076,CE
0.308,0.419,0.394,0.728,0.852,0.741,0.835,0.782,0.773,0.682,0.403,0.533,0.917,0.595,0.824,0.713,0.434,0.59,0.654,0.579,0.541,0.592,0.351,0.391,0.591,0.514,0.638,0.563,0.831,0.703,0.815,0.569,0.682,0.623,0.486,0.399,0.597,0.535,0.238,0.059,0.556,0.148,CE
0.882,0.556,0.639,0.772,0.305,0.534,0.435,0.739,0.683,0.625,0.872,0.75,0.647,0.951,0.877,0.85,0.507,0.688,0.457,0.611,0.531,0.882,0.927,0.888,0.312,0.903,0.543,0.735,0.317,0.506,0.748,0.684,0.625,0.67,0.271,0.353,0.128,0.231,0.806,0.02,0.104,0.069,IT
0.934,0.909,0.869,0.357,0.739,0.515,0.77,0.322,0.473,0.78,0.449,0.686,0.341,0.451,0.496,0.603,0.792,0.634,0.727,0.808,0.73,0.88,0.722,0.779,0.69,0.704,0.63,0.582,0.54,0.541,0.472,0.762,0.78,0.804,0.378,0.384,0.551,0.235,0.272,0.125,0.536,0.066,CE
0.591,0.851,0.73,0.683,0.337,0.49,0.49,1.0,0.706,0.919,0.773,0.814,0.68,0.888,0.861,0.412,0.538,0.442,0.329,0.719,0.595,0.567,0.818,0.718,0.563,0.399,0.523,0.898,0.78,0.743,0.546,0.66,0.919,0.448,0.287,0.075,0.227,0.232,0.095,0.028,0.328,0.549,CE
0.377,0.887,0.643,0.783,0.98,0.798,0.931,0.388,0.638,0.896,0.934,0.916,0.716,0.796,0.822,0.385,0.867,0.622,0.615,0.597,0.608,0.962,0.684,0.913,0.426,0.807,0.679,0.775,0.725,0.763,0.55,0.694,0.896,0.788,0.168,0.363,0.066,0.359,0.345,0.302,0.023,0.33,MMA
0.59,0.478,0.608,0.602,0.866,0.687,0.303,0.647,0.395,0.828,0.493,0.649,0.361,0.501,0.487,0.406,0.753,0.663,0.776,0.868,0.744,0.476,0.926,0.744,0.748,0.765,0.739,0.331,0.849,0.626,0.384,0.408,0.828,0.626,0.373,0.438,0.507,0.103,0.173,0.622,0.111,0.094,CE
0.911,0.858,0.887,0.392,0.451,0.452,0.57,0.886,0.818,0.864,0.564,0.772,0.546,0.417,0.388,0.57,0.932,0.699,0.445,0.979,0.617,0.85,0.525,0.595,0.942,0.398,0.68,0.492,0.346,0.329,0.558,0.658,0.864,0.648,0.326,0.128,0.436,0.248,0.054,0.032,0.624,0.29,CE
0.54,0.593,0.652,0.938,0.801,0.946,0.524,0.567,0.568,0.737,0.637,0.667,0.99,0.875,0.92,0.809,0.489,0.569,0.547,0.582,0.468,0.87,0.551,0.727,0.352,0.422,0.465,0.726,0.965,0.945,0.9,0.597,0.737,0.708,0.318,0.42,0.363,0.434,0.05,0.038,0.209,0.703,MMA
0.741,0.857,0.855,0.549,0.702,0.692,0.782,0.315,0.516,0.401,0.463,0.513,0.326,0.454,0.352,0.732,0.674,0.646,0.415,0.466,0.441,0.49,0.963,0.719,0.341,0.81,0.542,0.757,0.496,0.641,0.529,0.76,0.401,0.452,0.436,0.414,0.537,0.286,0.307,0.546,0.063,0.085,CS
0.625,0.949,0.867,0.363,0.392,0.377,0.375,0.542,0.388,0.745,0.965,0.954,0.563,0.719,0.712,0.382,0.783,0.564,0.444,0.582,0.428,0.787,0.477,0.594,0.385,0.905,0.644,0.701,0.699,0.682,0.472,0.567,0.745,0.616,0.249,0.254,0.035,0.471,0.117,0.748,0.074,0.06,CS
0.797,0.446,0.583,0.633,0.615,0.665,0.736,0.751,0.787,0.505,0.526,0.503,0.515,0.989,0.815,0.415,0.304,0.268,0.471,0.38,0.432,0.901,0.816,0.801,0.58,0.656,0.68,0.887,0.937,0.914,0.465,0.807,0.505,0.686,0.354,0.401,0.474,0.402,0.489,0.049,0.344,0.118,CS
0.602,0.744,0.624,0.337,0.307,0.226,0.306,0.377,0.289,0.455,0.991,0.684,0.389,0.682,0.607,0.775,0.507,0.653,0.8,0.81,0.838,0.91,0.909,0.925,0.601,0.749,0.739,0.304,0.994,0.586,0.582,0.404,0.455,0.855,0.406,0.44,0.009,0.14,0.177,0.572,0.071,0.18,MMA
0.393,0.577,0.42,0.555,0.561,0.657,0.996,0.38,0.734,0.336,0.321,0.25,0.976,0.959,0.906,0.413,0.468,0.444,0.699,0.455,0.628,0.517,0.945,0.762,0.605,0.853,0.793,0.503,0.538,0.608,0.694,0.631,0.336,0.608,0.286,0.522,0.679,0.3,0.074,0.018,0.248,0.661,MMA
0.84,0.944,0.899,0.37,0.712,0.597,0.365,0.421,0.296,0.716,0.921,0.852,0.987,0.344,0.746,0.87,0.52,0.79,0.502,0.923,0.788,0.83,0.694,0.686,0.672,0.55,0.67,0.831,0.937,0.787,0.928,0.679,0.716,0.666,0.568,0.318,0.079,0.192,0.27,0.454,0.254,0.023,IT
0.357,0.315,0.361,0.741,0.991,0.845,0.532,0.737,0.7,0.956,0.862,0.894,0.744,0.899,0.82,0.452,0.419,0.335,0.803,0.378,0.539,0.509,0.692,0.58,0.772,0.339,0.48,0.649,0.536,0.552,0.598,0.513,0.956,0.656,0.341,0.474,0.138,0.465,0.019,0.622,0.324,0.036,CE
0.346,0.982,0.7,0.592,0.791,0.743,0.846,0.635,0.726,0.308,0.949,0.649,0.442,0.944,0.776,0.992,0.912,1.0,0.471,0.89,0.745,0.462,0.369,0.511,0.507,0.91,0.609,0.315,0.626,0.418,0.717,0.502,0.308,0.466,0.072,0.192,0.051,0.371,0.517,0.368,0.036,0.078,IT
0.572,0.43,0.559,0.591,0.365,0.475,0.364,0.39,0.325,0.902,0.947,0.99,0.534,0.491,0.522,0.805,0.995,0.827,0.335,0.786,0.627,0.892,0.775,0.924,0.658,0.94,0.892,0.893,0.517,0.644,0.67,0.61,0.902,0.614,0.257,0.59,0.053,0.22,0.22,0.167,0.583,0.029,CE
0.48,0.826,0.572,0.525,0.571,0.572,0.411,0.902,0.646,0.942,0.628,0.74,0.399,0.303,0.357,0.375,0.574,0.492,0.493,0.423,0.513,0.963,0.37,0.598,0.972,0.326,0.745,0.303,0.912,0.569,0.387,0.398,0.942,0.728,0.562,0.136,0.372,0.604,0.646,0.088,0.246,0.019,CE
0.47,0.842,0.661,0.95,0.6,0.849,0.614,0.985,0.892,0.53,0.92,0.795,0.447,0.737,0.507,0.886,0.422,0.568,0.58,0.704,0.713,0.982,0.608,0.707,0.824,0.696,0.75,0.516,0.652,0.552,0.666,0.533,0.53,0.781,0.42,0.087,0.08,0.344,0.279,0.155,0.412,0.154,MMA
0.467,0.896,0.693,0.445,0.736,0.562,0.891,0.617,0.799,0.367,0.577,0.569,0.866,0.412,0.594,0.531,0.755,0.694,0.825,0.657,0.803,0.606,0.387,0.509,0.967,0.855,0.927,0.753,0.951,0.838,0.698,0.704,0.367,0.716,0.416,0.244,0.423,0.478,0.061,0.576,0.303,0.059,CS
0.625,0.591,0.537,0.97,0.583,0.852,0.433,0.684,0.463,0.835,0.707,0.796,0.336,0.448,0.307,0.502,0.739,0.634,0.729,0.684,0.661,0.471,0.396,0.503,0.732,0.431,0.516,0.911,0.82,0.897,0.419,0.656,0.835,0.6,0.406,0.363,0.293,0.46,0.083,0.048,0.616,0.253,CE
0.511,0.893,0.754,0.508,0.599,0.49,0.378,0.806,0.545,0.874,0.997,0.851,0.631,0.861,0.804,0.832,0.544,0.679,0.716,0.982,0.815,0.946,0.489,0.815,0.769,0.624,0.719,0.491,0.492,0.414,0.732,0.46,0.874,0.831,0.298,0.15,0.003,0.264,0.041,0.146,0.492,0.32,CE
0.372,0.897,0.654,0.973,0.769,0.806,0.632,0.754,0.598,0.31,0.391,0.301,0.601,0.641,0.549,0.771,0.717,0.703,0.31,0.354,0.31,0.408,0.564,0.511,0.683,0.462,0.541,0.73,0.903,0.867,0.686,0.578,0.31,0.359,0.321,0.174,0.609,0.541,0.211,0.118,0.119,0.553,IT
0.327,0.992,0.692,0.777,0.327,0.573,0.639,0.374,0.462,0.923,0.685,0.787,0.351,0.8,0.616,0.73,0.657,0.68,0.715,0.463,0.678,0.712,0.518,0.605,0.864,0.413,0.597,0.776,0.521,0.707,0.54,0.581,0.923,0.714,0.271,0.317,0.315,0.509,0.084,0.866,0.043,0.008,CS
0.929,0.707,0.788,0.463,0.732,0.599,0.994,0.988,1.0,0.61,0.644,0.663,0.371,0.53,0.366,0.351,0.437,0.391,0.849,0.64,0.712,0.358,0.685,0.476,0.73,0.984,0.78,0.448,0.631,0.634,0.361,0.79,0.61,0.603,0.516,0.153,0.356,0.337,0.164,0.254,0.045,0.537,MMA
0.372,0.337,0.426,0.949,0.363,0.579,0.323,0.373,0.29,0.979,0.768,0.929,0.843,0.675,0.818,0.717,0.52,0.631,0.673,0.876,0.871,0.588,0.834,0.631,0.844,0.56,0.61,0.554,0.727,0.565,0.78,0.416,0.979,0.631,0.402,0.645,0.232,0.145,0.394,0.012,0.406,0.188,CE
0.531,0.574,0.6,0.721,0.77,0.723,0.641,0.993,0.76,0.592,0.504,0.601,0.835,0.505,0.586,0.308,0.599,0.436,0.992,0.629,0.762,0.924,0.644,0.804,0.367,0.568,0.556,0.713,0.541,0.652,0.572,0.628,0.592,0.958,0.448,0.217,0.496,0.363,0.364,0.048,0.106,0.481,MMA
0.421,0.804,0.635,0.776,0.546,0.624,0.779,0.451,0.599,0.432,0.306,0.463,0.602,0.979,0.718,0.711,0.441,0.634,0.849,0.379,0.696,0.436,0.729,0.68,0.918,0.97,0.912,0.374,0.432,0.403,0.656,0.525,0.432,0.642,0.29,0.372,0.694,0.446,0.491,0.051,0.336,0.122,IT
0.539,0.763,0.644,0.868,0.409,0.697,0.345,0.436,0.422,0.898,0.477,0.653,0.676,0.448,0.624,0.842,0.402,0.614,0.842,0.536,0.716,0.335,0.726,0.461,0.881,0.549,0.671,0.889,0.335,0.591,0.759,0.591,0.898,0.588,0.575,0.4,0.523,0.369,0.1,0.073,0.526,0.301,CE
0.345,0.8,0.578,0.931,0.519,0.74,0.651,0.643,0.638,0.444,0.829,0.627,0.971,0.483,0.763,0.959,0.764,0.936,0.879,0.552,0.736,0.409,0.675,0.488,0.821,0.67,0.727,0.488,0.999,0.658,0.965,0.495,0.444,0.644,0.377,0.278,0.171,0.386,0.006,0.032,0.46,0.503,MMA
0.758,0.916,0.78,0.98,0.4,0.61,0.379,0.701,0.596,0.557,0.985,0.757,0.405,0.626,0.552,0.883,0.621,0.771,0.487,0.752,0.717,0.334,0.921,0.64,0.476,0.968,0.719,0.532,0.427,0.429,0.644,0.556,0.557,0.41,0.377,0.192,0.015,0.163,0.328,0.175,0.449,0.048,IT
0.385,0.304,0.346,0.999,0.786,0.854,0.914,0.847,0.784,0.872,0.51,0.621,0.458,0.628,0.528,0.502,0.421,0.514,0.993,0.844,0.878,0.471,0.452,0.389,0.686,0.724,0.746,0.776,0.505,0.606,0.48,0.692,0.872,0.732,0.476,0.424,0.49,0.352,0.501,0.188,0.105,0.205,CE
0.49,0.362,0.492,0.897,0.454,0.588,0.817,0.448,0.611,0.345,0.458,0.46,0.863,0.445,0.621,0.394,0.352,0.471,0.759,0.679,0.772,0.888,0.865,0.78,0.431,0.758,0.57,0.988,0.766,0.968,0.629,0.765,0.345,0.824,0.602,0.595,0.542,0.228,0.031,0.278,0.054,0.636,MMA
0.41,0.661,0.594,0.603,0.628,0.713,0.598,0.723,0.571,0.89,0.754,0.802,0.311,0.714,0.415,0.301,0.731,0.454,0.434,0.757,0.507,0.519,0.405,0.478,0.763,0.805,0.735,0.362,0.355,0.344,0.306,0.457,0.89,0.477,0.278,0.308,0.246,0.419,0.818,0.069,0.083,0.03,CE
0.724,0.776,0.778,0.903,0.64,0.699,0.503,0.764,0.656,0.672,0.778,0.752,0.917,0.71,0.869,0.474,0.775,0.705,0.57,0.845,0.753,0.342,0.707,0.45,0.977,0.868,0.844,0.385,0.716,0.52,0.696,0.537,0.672,0.456,0.258,0.23,0.222,0.224,0.025,0.552,0.347,0.075,CS
0.861,0.941,0.952,0.876,0.452,0.616,0.446,0.836,0.73,0.802,0.917,0.887,0.571,0.598,0.5,0.322,0.787,0.542,0.687,0.69,0.644,0.633,0.63,0.609,0.874,0.616,0.766,0.927,0.906,0.995,0.446,0.745,0.802,0.66,0.308,0.112,0.083,0.34,0.321,0.036,0.309,0.334,CE
0.937,0.754,0.762,0.395,0.409,0.428,0.815,0.902,0.946,0.441,0.517,0.427,0.551,0.94,0.761,0.817,0.643,0.636,0.345,0.677,0.554,0.451,0.805,0.69,0.588,0.822,0.686,0.775,0.835,0.903,0.684,0.842,0.441,0.398,0.209,0.172,0.483,0.259,0.311,0.389,0.133,0.168,CS
0.785,0.942,0.843,0.426,0.5,0.454,0.503,0.464,0.531,0.305,0.677,0.55,0.486,0.722,0.638,0.759,0.612,0.655,0.885,0.831,0.822,0.372,0.35,0.28,0.708,0.336,0.489,0.827,0.506,0.719,0.622,0.705,0.305,0.629,0.333,0.297,0.323,0.41,0.316,0.065,0.301,0.318,MMA
0.578,0.447,0.517,0.945,0.748,0.781,0.778,0.599,0.707,0.814,0.66,0.8,0.806,0.731,0.698,0.885,0.955,0.848,0.642,0.481,0.612,0.805,0.399,0.677,0.427,0.858,0.634,0.53,0.411,0.404,0.846,0.629,0.814,0.724,0.157,0.477,0.34,0.56,0.508,0.375,0.061,0.056,IT
0.351,0.821,0.628,0.341,0.692,0.433,0.933,0.935,0.973,0.948,0.868,0.974,0.699,0.514,0.55,0.529,0.74,0.569,0.481,0.628,0.501,0.712,0.946,0.879,0.766,0.708,0.735,0.431,0.926,0.628,0.614,0.572,0.948,0.596,0.373,0.122,0.132,0.213,0.045,0.648,0.09,0.217,CE
0.32,0.396,0.293,0.338,0.76,0.616,0.561,0.912,0.679,0.528,0.406,0.491,0.594,0.729,0.714,0.682,0.739,0.798,0.509,0.551,0.574,0.728,0.425,0.552,0.627,0.594,0.546,0.947,0.834,0.887,0.638,0.609,0.528,0.618,0.266,0.346,0.594,0.512,0.296,0.591,0.038,0.075,CS
0.68,0.859,0.677,0.989,0.618,0.775,0.505,0.422,0.522,0.969,0.59,0.87,0.877,0.637,0.792,0.604,0.691,0.559,0.787,0.337,0.626,0.877,0.466,0.636,0.637,0.718,0.635,0.715,0.508,0.523,0.74,0.633,0.969,0.832,0.336,0.36,0.41,0.598,0.001,0.022,0.318,0.66,MMA
0.599,0.659,0.558,0.686,0.401,0.566,0.953,0.437,0.748,0.316,0.563,0.362,0.547,0.421,0.459,0.592,0.51,0.583,0.943,0.58,0.7,0.49,0.898,0.708,0.619,0.405,0.502,0.495,0.96,0.804,0.57,0.682,0.316,0.716,0.534,0.452,0.437,0.261,0.055,0.455,0.159,0.331,CS
0.914,0.669,0.758,0.446,0.86,0.678,0.628,0.452,0.507,0.972,0.664,0.798,0.665,0.845,0.723,0.425,0.709,0.6,0.799,0.917,0.832,0.353,0.971,0.649,0.736,0.766,0.761,0.444,0.829,0.697,0.545,0.662,0.972,0.576,0.223,0.44,0.336,0.056,0.478,0.398,0.072,0.052,CE
0.538,0.518,0.618,0.849,0.762,0.809,0.417,0.985,0.676,0.375,0.646,0.585,0.921,0.308,0.692,0.49,0.327,0.478,0.905,0.717,0.826,0.869,0.85,0.938,0.687,0.977,0.931,0.382,0.895,0.638,0.706,0.446,0.375,0.887,0.682,0.248,0.354,0.217,0.223,0.431,0.026,0.32,MMA
0.91,0.449,0.665,0.958,0.6,0.75,0.608,0.664,0.662,0.86,0.616,0.802,0.674,0.537,0.637,0.802,0.691,0.658,0.419,0.5,0.416,0.771,0.313,0.593,0.486,0.517,0.507,0.451,0.919,0.602,0.738,0.656,0.86,0.595,0.386,0.444,0.384,0.594,0.155,0.5,0.253,0.091,CE
0.595,0.795,0.789,0.925,0.54,0.832,0.302,0.319,0.376,0.44,0.343,0.339,0.598,0.811,0.73,0.466,0.652,0.645,0.871,0.526,0.795,0.796,0.344,0.477,0.418,0.809,0.55,0.658,0.365,0.596,0.532,0.518,0.44,0.834,0.268,0.443,0.657,0.565,0.074,0.418,0.507,0.001,MMA
0.625,0.317,0.553,0.663,0.352,0.43,0.568,0.958,0.802,0.907,0.557,0.641,0.982,0.312,0.737,0.558,0.307,0.47,0.986,0.976,0.913,0.427,0.696,0.589,0.818,0.427,0.714,0.747,0.893,0.828,0.77,0.647,0.907,0.706,0.69,0.363,0.443,0.164,0.074,0.525,0.121,0.28,CS
0.967,0.773,0.88,0.302,0.328,0.255,0.43,0.478,0.415,0.552,0.594,0.493,0.33,0.772,0.558,0.611,0.744,0.743,0.599,0.749,0.765,0.888,0.598,0.772,0.424,0.692,0.654,0.663,0.949,0.788,0.471,0.687,0.552,0.744,0.242,0.375,0.406,0.326,0.79,0.101,0.005,0.103,IT
0.492,0.323,0.472,0.493,0.858,0.633,0.436,0.982,0.681,0.721,0.727,0.736,0.94,0.772,0.837,0.904,0.427,0.674,0.965,0.738,0.915,0.757,0.888,0.911,0.491,0.419,0.452,0.791,0.459,0.526,0.922,0.573,0.721,0.861,0.4,0.348,0.273,0.187,0.075,0.621,0.212,0.092,CS
0.435,0.549,0.426,0.374,0.935,0.754,0.415,0.338,0.342,0.623,0.443,0.494,0.441,0.842,0.684,0.744,0.571,0.74,0.979,0.422,0.645,0.668,0.364,0.503,0.707,0.665,0.653,0.68,0.971,0.767,0.592,0.51,0.623,0.824,0.294,0.556,0.557,0.607,0.537,0.022,0.035,0.405,MMA
0.373,0.316,0.279,0.695,0.792,0.684,0.768,0.428,0.62,0.588,0.758,0.772,0.956,0.303,0.707,0.347,0.967,0.613,0.567,0.364,0.388,0.809,0.961,0.907,0.801,0.833,0.77,0.332,0.301,0.287,0.652,0.491,0.588,0.688,0.365,0.628,0.242,0.338,0.412,0.096,0.295,0.198,IT
0.94,0.398,0.677,0.715,0.68,0.618,0.523,0.336,0.409,0.432,0.693,0.601,0.672,0.604,0.616,0.889,0.454,0.718,0.83,0.593,0.671,0.629,0.365,0.407,0.378,0.431,0.405,0.894,0.465,0.767,0.78,0.786,0.432,0.73,0.471,0.633,0.307,0.521,0.362,0.373,0.212,0.053,CS
0.351,0.698,0.536,0.895,0.997,0.948,0.542,0.43,0.387,0.656,0.689,0.738,0.653,0.942,0.823,0.888,0.404,0.717,0.773,0.419,0.534,0.949,0.323,0.628,0.519,0.766,0.71,0.552,0.599,0.672,0.77,0.482,0.656,0.861,0.327,0.436,0.311,0.629,0.329,0.489,0.124,0.057,IT
0.588,0.801,0.617,0.489,0.333,0.397,0.879,0.317,0.633,0.953,0.466,0.748,0.983,0.974,0.925,0.37,0.404,0.427,0.808,0.772,0.757,0.419,0.707,0.559,0.81,0.609,0.677,0.505,0.448,0.43,0.676,0.657,0.953,0.614,0.311,0.441,0.534,0.26,0.13,0.554,0.048,0.268,CS
0.823,0.528,0.709,0.802,0.707,0.846,0.315,0.817,0.658,0.904,0.418,0.626,0.421,0.721,0.613,0.522,0.678,0.638,0.595,0.898,0.801,0.345,0.735,0.487,0.69,0.97,0.906,0.583,0.504,0.49,0.472,0.574,0.904,0.47,0.3,0.328,0.582,0.184,0.453,0.072,0.474,0.001,CE
0.527,0.454,0.585,0.809,0.545,0.595,0.662,0.449,0.563,0.885,0.731,0.835,0.679,0.949,0.9,0.659,0.514,0.578,0.431,0.745,0.588,0.372,0.438,0.401,0.921,0.696,0.845,0.537,0.7,0.608,0.669,0.575,0.885,0.401,0.268,0.548,0.269,0.408,0.499,0.024,0.315,0.163,CE
0.528,0.973,0.687,0.518,0.657,0.66,0.592,0.821,0.777,0.517,0.575,0.517,0.883,0.331,0.569,0.776,0.696,0.723,0.678,0.438,0.544,0.651,0.931,0.743,0.907,0.751,0.733,0.807,0.325,0.666,0.83,0.642,0.517,0.665,0.487,0.103,0.425,0.316,0.646,0.111,0.093,0.151,IT
0.549,0.561,0.519,0.735,0.415,0.644,0.869,0.634,0.822,0.473,0.312,0.416,0.621,0.697,0.739,0.979,0.744,0.914,0.359,0.413,0.432,0.602,0.612,0.569,0.725,0.43,0.603,0.422,0.345,0.349,0.8,0.613,0.473,0.48,0.28,0.402,0.688,0.488,0.097,0.811,0.021,0.072,CS
0.684,0.637,0.57,0.305,0.992,0.68,0.556,0.629,0.546,0.541,0.754,0.724,0.429,0.888,0.583,0.45,0.326,0.316,0.942,0.622,0.697,0.972,0.915,0.994,0.953,0.454,0.771,0.783,0.909,0.905,0.44,0.674,0.541,0.957,0.393,0.367,0.246,0.232,0.163,0.569,0.116,0.152,MMA
0.376,0.955,0.623,0.664,0.574,0.711,0.535,0.845,0.761,0.605,0.565,0.634,0.939,0.828,0.829,0.922,0.571,0.762,0.882,0.432,0.714,0.717,0.925,0.756,0.594,0.883,0.643,0.379,0.993,0.642,0.93,0.43,0.605,0.8,0.3,0.1,0.435,0.322,0.644,0.035,0.078,0.243,IT
0.76,0.707,0.74,0.89,0.464,0.666,0.409,0.717,0.513,0.534,0.63,0.487,0.364,0.78,0.558,0.905,0.786,0.747,0.732,0.366,0.605,0.994,0.672,0.87,0.466,0.606,0.607,0.417,0.486,0.441,0.635,0.529,0.534,0.863,0.217,0.288,0.37,0.481,0.28,0.106,0.591,0.022,CE
0.56,0.796,0.623,0.759,0.415,0.498,0.385,0.951,0.678,0.857,0.533,0.714,0.646,0.962,0.854,0.811,0.332,0.582,0.627,0.949,0.74,0.489,0.588,0.487,0.39,0.9,0.657,0.903,0.882,0.849,0.728,0.616,0.857,0.558,0.353,0.127,0.467,0.232,0.205,0.022,0.638,0.134,CE
0.576,0.512,0.536,0.476,0.562,0.579,0.884,0.513,0.692,0.912,0.337,0.702,0.453,0.775,0.631,0.687,0.902,0.715,0.543,0.677,0.672,0.452,0.862,0.637,0.432,0.831,0.55,0.66,0.345,0.474,0.57,0.707,0.912,0.498,0.161,0.488,0.663,0.23,0.327,0.289,0.185,0.199,CE
0.459,0.619,0.63,0.895,0.402,0.554,0.953,0.669,0.819,0.847,0.52,0.68,0.978,0.771,0.805,0.393,0.443,0.471,0.507,0.315,0.5,0.419,0.307,0.31,0.465,0.595,0.614,0.915,0.62,0.75,0.686,0.776,0.847,0.463,0.393,0.356,0.48,0.689,0.205,0.071,0.014,0.71,MMA
0.431,0.439,0.429,0.644,0.313,0.408,0.565,0.779,0.617,0.596,0.69,0.721,0.528,0.393,0.459,0.823,0.377,0.585,0.312,0.323,0.315,0.509,0.892,0.721,0.618,0.586,0.601,0.328,0.925,0.726,0.676,0.441,0.596,0.41,0.615,0.391,0.31,0.392,0.128,0.082,0.099,0.691,MMA
0.763,0.894,0.879,0.615,0.729,0.71,0.659,0.633,0.675,0.69,0.751,0.743,0.803,0.75,0.781,0.777,0.615,0.644,0.301,0.692,0.515,0.98,0.553,0.746,0.441,0.349,0.45,0.475,0.726,0.638,0.79,0.632,0.69,0.64,0.318,0.236,0.249,0.377,0.175,0.573,0.161,0.092,CS
0.927,0.903,0.848,0.318,0.363,0.298,0.981,0.691,0.81,0.922,0.617,0.733,0.959,0.895,0.995,0.659,0.853,0.691,0.701,0.989,0.803,0.856,0.643,0.658,0.834,0.418,0.652,0.36,0.963,0.62,0.809,0.756,0.922,0.778,0.126,0.203,0.383,0.184,0.056,0.03,0.64,0.273,CE
0.819,0.65,0.729,0.377,0.692,0.484,0.984,0.858,0.903,0.406,0.85,0.552,0.433,0.448,0.452,0.851,0.52,0.602,0.625,0.824,0.669,0.454,0.963,0.799,0.993,0.865,0.867,0.448,0.538,0.457,0.642,0.75,0.406,0.54,0.516,0.246,0.15,0.107,0.507,0.252,0.208,0.033,IT
0.937,0.88,0.841,0.91,0.491,0.616,0.76,0.758,0.678,0.523,0.995,0.795,0.811,0.449,0.546,0.494,0.474,0.431,0.435,0.702,0.534,0.874,0.429,0.644,0.31,0.637,0.385,0.984,0.853,0.917,0.653,0.894,0.523,0.654,0.538,0.181,0.005,0.434,0.035,0.342,0.542,0.081,CS
0.698,0.87,0.837,0.862,0.916,0.976,0.584,0.698,0.699,0.788,0.997,0.795,0.549,0.497,0.475,0.456,0.796,0.543,0.819,0.785,0.752,0.477,0.74,0.661,0.914,0.896,0.998,0.707,0.936,0.883,0.503,0.663,0.788,0.648,0.353,0.216,0.003,0.238,0.358,0.002,0.538,0.102,CE
0.859,0.389,0.603,0.49,0.504,0.422,0.864,0.306,0.548,0.422,0.712,0.518,0.481,0.642,0.592,0.385,0.423,0.353,0.982,0.578,0.8,0.469,0.643,0.471,0.324,0.628,0.456,0.396,0.781,0.687,0.433,0.706,0.422,0.726,0.468,0.652,0.288,0.389,0.077,0.149,0.502,0.271,MMA
0.624,0.816,0.646,0.658,0.495,0.509,0.598,0.392,0.535,0.619,0.672,0.575,0.398,0.708,0.65,0.367,0.5,0.508,0.351,0.913,0.637,0.586,0.517,0.511,0.514,0.919,0.761,0.769,0.859,0.765,0.382,0.664,0.619,0.468,0.396,0.396,0.328,0.285,0.277,0.177,0.439,0.107,CE
0.75,0.918,0.814,0.347,0.661,0.473,0.771,0.966,0.865,0.626,0.758,0.613,0.477,0.943,0.744,0.309,0.443,0.413,0.835,0.888,0.82,0.952,0.687,0.859,0.718,0.386,0.644,0.386,0.478,0.495,0.393,0.636,0.626,0.894,0.307,0.058,0.242,0.212,0.242,0.457,0.182,0.119,MMA
0.945,0.325,0.707,0.462,0.894,0.606,0.706,0.922,0.809,0.823,0.863,0.89,0.948,0.613,0.715,0.333,0.473,0.332,0.691,0.429,0.468,0.325,0.882,0.622,0.551,0.926,0.652,0.986,0.731,0.796,0.64,0.879,0.823,0.508,0.457,0.376,0.137,0.344,0.222,0.282,0.11,0.387,CS
0.406,0.495,0.369,0.448,0.467,0.541,0.355,0.599,0.483,0.929,0.998,1.0,0.98,0.851,1.0,0.795,0.356,0.556,0.753,0.546,0.604,0.704,0.953,0.736,0.838,0.806,0.915,0.951,0.834,0.897,0.888,0.571,0.929,0.728,0.397,0.453,0.002,0.25,0.048,0.167,0.307,0.478,CE
0.853,0.437,0.665,0.533,0.306,0.36,0.379,0.89,0.586,0.499,0.972,0.711,0.307,0.499,0.327,0.372,0.354,0.382,0.433,0.553,0.565,0.597,0.941,0.769,0.579,0.825,0.617,0.363,0.756,0.557,0.34,0.532,0.499,0.515,0.574,0.336,0.028,0.253,0.287,0.456,0.09,0.167,CS
0.65,0.987,0.885,0.938,0.478,0.763,0.486,0.446,0.555,0.314,0.976,0.574,0.874,0.493,0.654,0.452,0.71,0.55,0.76,0.311,0.448,0.37,0.593,0.544,0.922,0.471,0.711,0.838,0.502,0.652,0.663,0.658,0.314,0.565,0.399,0.284,0.024,0.548,0.688,0.134,0.024,0.154,IT
0.739,0.352,0.483,0.536,0.355,0.384,0.938,0.314,0.656,0.569,0.771,0.688,0.456,0.893,0.673,0.876,0.584,0.827,0.839,0.976,0.911,0.632,0.829,0.806,0.975,0.527,0.811,0.447,0.682,0.501,0.666,0.708,0.569,0.736,0.262,0.667,0.229,0.098,0.1,0.628,0.037,0.235,CS
0.715,0.385,0.515,0.694,0.431,0.623,0.981,0.45,0.653,0.618,0.823,0.677,0.314,0.679,0.588,0.574,0.594,0.678,0.786,0.803,0.807,0.982,0.782,0.961,0.79,0.815,0.76,0.512,0.848,0.64,0.444,0.736,0.618,0.884,0.363,0.582,0.177,0.208,0.282,0.098,0.58,0.04,CE
0.881,0.722,0.739,0.679,0.498,0.553,0.546,0.344,0.542,0.322,0.764,0.517,0.752,0.549,0.686,0.81,0.783,0.72,0.76,0.496,0.534,0.59,0.603,0.59,0.793,0.516,0.618,0.342,0.781,0.575,0.781,0.59,0.322,0.675,0.334,0.467,0.236,0.45,0.141,0.4,0.252,0.207,IT
0.658,0.745,0.734,0.502,0.399,0.382,0.748,0.911,0.811,0.419,0.83,0.691,0.916,0.725,0.893,0.311,0.375,0.261,0.799,0.349,0.573,0.631,0.517,0.648,0.419,0.547,0.538,0.321,0.771,0.609,0.614,0.576,0.419,0.715,0.45,0.172,0.17,0.567,0.445,0.345,0.064,0.146,IT
0.354,0.481,0.336,0.521,0.913,0.686,0.693,0.603,0.64,0.979,0.507,0.768,0.594,0.343,0.466,0.869,0.369,0.533,0.408,0.835,0.666,0.696,0.628,0.739,0.837,0.868,0.915,0.75,0.621,0.758,0.732,0.599,0.979,0.552,0.644,0.458,0.493,0.268,0.444,0.004,0.009,0.543,IT
0.494,0.911,0.68,0.383,0.356,0.301,0.475,0.642,0.599,0.99,0.609,0.803,0.665,0.678,0.675,0.306,0.301,0.223,0.371,0.793,0.523,0.926,0.95,1.0,0.957,0.49,0.726,0.423,0.864,0.721,0.486,0.464,0.99,0.649,0.51,0.224,0.391,0.129,0.477,0.142,0.356,0.026,CE
0.328,0.827,0.563,0.997,0.368,0.754,0.636,0.879,0.821,0.941,0.508,0.815,0.406,0.357,0.368,0.88,0.631,0.821,0.811,0.447,0.718,0.343,0.929,0.597,0.65,0.596,0.557,0.551,0.435,0.434,0.643,0.505,0.941,0.577,0.506,0.147,0.492,0.312,0.062,0.202,0.482,0.254,CE
0.925,0.746,0.873,0.767,0.615,0.729,0.349,0.902,0.681,0.472,0.838,0.557,0.452,0.346,0.455,0.829,0.87,0.75,0.651,0.793,0.653,0.755,0.359,0.493,0.633,0.757,0.624,0.43,0.443,0.384,0.64,0.568,0.472,0.703,0.392,0.176,0.162,0.424,0.107,0.21,0.443,0.24,MMA
0.843,0.803,0.749,0.334,0.915,0.54,0.404,0.315,0.385,0.708,0.991,0.927,0.588,0.56,0.533,0.407,0.397,0.328,0.38,0.468,0.385,0.973,0.705,0.937,0.561,0.62,0.555,0.428,0.4,0.503,0.497,0.558,0.708,0.676,0.522,0.441,0.009,0.414,0.851,0.009,0.032,0.108,IT
0.43,0.555,0.418,0.62,0.49,0.525,0.366,0.6,0.58,0.53,0.914,0.79,0.966,0.853,0.942,0.9,0.353,0.619,0.992,0.839,1.0,0.846,0.912,0.92,0.832,0.666,0.834,0.878,0.891,0.919,0.933,0.558,0.53,0.919,0.397,0.422,0.086,0.125,0.09,0.009,0.682,0.219,MMA
0.509,0.404,0.522,0.886,0.87,0.907,0.556,0.513,0.436,0.884,0.361,0.649,0.653,0.669,0.746,0.322,0.841,0.492,0.327,0.601,0.376,0.852,0.671,0.667,0.328,0.729,0.59,0.606,0.688,0.707,0.488,0.557,0.884,0.59,0.245,0.542,0.639,0.364,0.301,0.081,0.303,0.316,CE
0.814,0.735,0.868,0.438,0.966,0.71,0.77,0.37,0.546,0.839,0.795,0.725,0.683,0.362,0.621,0.928,0.315,0.693,0.944,0.547,0.789,0.609,0.759,0.652,0.526,0.597,0.491,0.882,0.544,0.693,0.806,0.822,0.839,0.776,0.662,0.448,0.205,0.347,0.328,0.1,0.115,0.458,MMA
0.921,0.419,0.664,0.98,0.561,0.745,0.437,0.38,0.456,0.839,0.978,0.963,0.47,0.328,0.496,0.538,0.518,0.61,0.71,0.45,0.658,0.995,0.361,0.75,0.573,0.667,0.703,0.981,0.484,0.675,0.504,0.78,0.839,0.852,0.577,0.6,0.022,0.594,0.058,0.568,0.009,0.365,CS
0.351,0.584,0.375,0.885,0.447,0.631,0.909,0.822,0.81,0.35,0.801,0.554,0.836,0.612,0.693,0.616,0.824,0.8,0.335,0.667,0.407,0.628,0.92,0.746,0.953,0.741,0.934,0.83,0.372,0.547,0.726,0.697,0.35,0.482,0.282,0.297,0.199,0.206,0.25,0.093,0.34,0.317,IT
0.969,0.604,0.844,0.959,0.914,0.878,0.647,0.543,0.575,0.553,0.878,0.706,0.667,0.988,0.739,0.642,0.842,0.672,0.728,0.468,0.671,0.529,0.53,0.549,0.428,0.499,0.447,0.548,0.667,0.627,0.655,0.721,0.553,0.629,0.085,0.426,0.122,0.501,0.348,0.442,0.153,0.056,CS
0.833,0.896,0.815,0.585,0.649,0.624,0.762,0.329,0.59,0.343,0.628,0.551,0.616,0.404,0.607,0.922,0.84,0.864,0.429,0.959,0.7,0.897,0.539,0.685,0.99,0.665,0.756,0.454,0.637,0.454,0.769,0.683,0.343,0.663,0.378,0.387,0.372,0.251,0.199,0.174,0.485,0.141,IT
0.988,0.427,0.725,0.363,0.814,0.687,0.873,0.689,0.778,0.885,0.955,1.0,0.578,0.994,0.717,0.477,0.362,0.374,0.838,0.897,0.923,0.742,0.66,0.743,0.574,0.889,0.767,0.788,0.675,0.809,0.528,0.883,0.885,0.79,0.322,0.442,0.045,0.222,0.098,0.163,0.509,0.23,CE
0.922,0.542,0.706,0.922,0.625,0.777,0.533,0.494,0.544,0.384,0.915,0.706,0.434,0.786,0.63,0.429,0.491,0.442,0.789,0.747,0.775,0.838,0.831,0.858,0.851,0.534,0.769,0.73,0.876,0.812,0.432,0.728,0.384,0.814,0.361,0.482,0.085,0.211,0.092,0.291,0.173,0.445,MMA
0.633,0.885,0.795,0.779,0.452,0.712,0.889,0.852,0.837,0.675,0.396,0.543,0.402,0.687,0.574,0.573,0.649,0.686,0.376,0.854,0.549,0.326,0.43,0.431,0.584,0.911,0.752,0.316,0.802,0.481,0.488,0.613,0.675,0.351,0.332,0.131,0.604,0.358,0.433,0.051,0.118,0.398,IT
0.968,0.56,0.83,0.434,0.865,0.681,0.435,0.512,0.4,0.568,0.443,0.534,0.996,0.308,0.66,0.702,0.94,0.822,0.681,0.63,0.609,0.339,0.586,0.373,0.685,0.515,0.607,0.394,0.953,0.752,0.849,0.599,0.568,0.51,0.376,0.464,0.557,0.392,0.125,0.25,0.565,0.06,CE
0.548,0.476,0.595,0.897,0.706,0.805,0.952,0.953,1.0,0.388,0.412,0.435,0.679,0.313,0.408,0.922,0.908,0.886,0.924,0.716,0.881,0.599,0.379,0.476,0.62,0.686,0.574,0.994,0.471,0.672,0.8,0.831,0.388,0.762,0.389,0.286,0.588,0.452,0.209,0.215,0.162,0.413,MMA
0.662,0.727,0.739,0.318,0.699,0.585,0.312,0.584,0.533,0.547,0.621,0.68,0.44,0.346,0.464,0.908,0.63,0.772,0.885,0.817,0.804,0.312,0.636,0.546,0.927,0.969,1.0,0.706,0.611,0.714,0.674,0.56,0.547,0.598,0.512,0.344,0.379,0.274,0.28,0.16,0.019,0.541,MMA
0.619,0.554,0.613,0.772,0.447,0.677,0.503,0.431,0.448,0.811,0.976,0.955,0.958,0.398,0.593,0.69,0.503,0.662,0.77,0.98,0.826,0.64,0.651,0.593,0.713,0.61,0.651,0.554,0.312,0.437,0.824,0.559,0.811,0.705,0.55,0.507,0.024,0.184,0.37,0.001,0.333,0.296,IT
0.575,0.392,0.485,0.785,0.741,0.824,0.616,0.663,0.702,0.599,0.791,0.682,0.592,0.832,0.647,0.537,0.457,0.469,0.461,0.706,0.643,0.851,0.555,0.801,0.716,0.58,0.715,0.811,0.824,0.757,0.564,0.667,0.599,0.656,0.356,0.472,0.209,0.369,0.142,0.444,0.157,0.258,CS
0.712,0.89,0.758,0.703,0.386,0.583,0.812,0.33,0.606,0.59,0.387,0.473,0.436,0.591,0.49,0.817,0.842,0.851,0.316,0.952,0.671,0.324,0.873,0.539,0.705,0.627,0.65,0.923,0.606,0.68,0.626,0.816,0.59,0.32,0.284,0.39,0.613,0.088,0.404,0.349,0.159,0.087,CS
0.365,0.854,0.524,0.348,0.676,0.444,0.305,0.596,0.378,0.412,0.354,0.324,0.801,0.866,0.824,0.655,0.323,0.403,0.48,0.681,0.628,0.724,0.574,0.573,0.847,0.555,0.748,0.659,0.817,0.82,0.728,0.443,0.412,0.602,0.406,0.275,0.646,0.373,0.586,0.177,0.165,0.071,IT
0.955,0.621,0.713,0.603,0.389,0.496,0.693,0.536,0.529,0.96,0.841,0.969,0.557,0.833,0.692,0.441,0.387,0.383,0.396,0.999,0.607,0.609,0.616,0.573,0.7,0.405,0.609,0.533,0.714,0.666,0.499,0.727,0.96,0.502,0.39,0.422,0.159,0.192,0.405,0.332,0.172,0.09,CE
0.652,0.838,0.821,0.373,0.569,0.526,0.602,0.533,0.55,0.722,1.0,0.86,0.446,0.414,0.338,0.691,0.681,0.627,0.787,0.819,0.755,0.541,0.993,0.742,0.833,0.617,0.783,0.838,0.767,0.874,0.568,0.697,0.722,0.664,0.452,0.314,0.0,0.094,0.63,0.195,0.061,0.114,IT
0.831,0.756,0.729,0.336,0.778,0.507,0.65,0.823,0.749,0.358,0.43,0.338,0.481,0.696,0.589,0.442,0.347,0.329,0.989,0.628,0.882,0.894,0.658,0.817,0.435,0.782,0.563,0.882,0.359,0.675,0.462,0.788,0.358,0.942,0.479,0.211,0.57,0.357,0.029,0.582,0.099,0.29,CS
0.641,0.556,0.628,0.963,0.329,0.73,0.726,0.865,0.773,0.63,0.908,0.752,0.674,0.314,0.426,0.749,0.802,0.792,0.4,0.612,0.477,0.647,0.909,0.833,0.359,0.923,0.635,0.821,0.398,0.644,0.712,0.729,0.63,0.524,0.442,0.29,0.092,0.24,0.262,0.561,0.017,0.16,CS
0.364,0.468,0.336,0.784,0.32,0.576,0.398,0.962,0.767,0.458,0.73,0.5,0.952,0.666,0.718,0.54,0.354,0.425,0.769,0.629,0.676,0.383,0.471,0.347,0.865,0.395,0.649,0.54,0.458,0.527,0.746,0.434,0.458,0.576,0.49,0.285,0.27,0.45,0.226,0.19,0.333,0.251,IT
0.512,0.691,0.636,0.319,0.626,0.384,0.43,0.692,0.635,0.918,0.349,0.617,0.708,0.403,0.609,0.821,0.932,0.778,0.452,0.879,0.699,0.926,0.34,0.652,0.698,0.325,0.514,0.727,0.434,0.535,0.764,0.556,0.918,0.689,0.332,0.308,0.651,0.39,0.254,0.157,0.485,0.104,CE
0.487,0.989,0.82,0.32,0.84,0.502,0.319,0.492,0.359,0.874,0.797,0.932,0.798,0.593,0.735,1.0,0.797,0.951,0.957,0.38,0.709,0.896,0.968,0.874,0.653,0.776,0.664,0.72,0.48,0.567,0.899,0.509,0.874,0.926,0.305,0.26,0.203,0.326,0.223,0.288,0.228,0.26,MMA
0.509,0.411,0.37,0.437,0.707,0.629,0.418,0.376,0.447,0.514,0.966,0.783,0.529,0.503,0.52,0.355,0.382,0.304,0.842,0.66,0.653,0.771,0.597,0.686,0.45,0.686,0.664,0.351,0.499,0.374,0.442,0.426,0.514,0.806,0.558,0.606,0.034,0.371,0.058,0.097,0.347,0.497,MMA
0.442,0.68,0.588,0.665,0.604,0.573,0.642,0.581,0.67,0.835,0.394,0.532,0.936,0.675,0.877,0.341,0.669,0.513,0.902,0.368,0.583,0.585,0.906,0.833,0.995,0.971,0.884,0.333,0.403,0.338,0.639,0.472,0.835,0.744,0.328,0.369,0.606,0.363,0.342,0.431,0.04,0.187,MMA
0.942,0.625,0.704,0.62,0.563,0.607,0.607,0.312,0.558,0.68,0.632,0.747,0.409,0.432,0.482,0.483,0.859,0.625,0.323,0.662,0.432,0.83,0.749,0.874,0.848,0.427,0.697,0.749,0.768,0.825,0.446,0.766,0.68,0.576,0.355,0.532,0.368,0.294,0.3,0.22,0.356,0.124,CE
0.428,0.732,0.526,0.356,0.3,0.35,0.554,0.827,0.665,0.64,0.585,0.643,0.549,0.975,0.849,0.894,0.944,0.909,0.676,0.819,0.787,0.923,0.801,0.962,0.544,0.883,0.753,0.784,0.528,0.713,0.722,0.589,0.64,0.8,0.04,0.221,0.415,0.19,0.572,0.061,0.244,0.123,IT
0.993,0.635,0.76,0.567,0.758,0.578,0.723,0.952,0.907,0.347,0.995,0.711,0.414,0.309,0.295,0.887,0.315,0.548,0.83,0.71,0.827,0.822,0.335,0.657,0.459,0.687,0.602,0.418,0.983,0.698,0.65,0.711,0.347,0.826,0.688,0.207,0.005,0.478,0.012,0.564,0.18,0.245,CS
0.668,0.884,0.683,0.488,0.629,0.474,0.794,0.576,0.639,0.302,0.804,0.62,0.577,0.695,0.581,0.736,0.308,0.52,0.751,0.943,0.823,0.836,0.718,0.862,0.579,0.523,0.629,0.334,0.395,0.281,0.656,0.599,0.302,0.794,0.499,0.27,0.196,0.169,0.417,0.002,0.445,0.135,IT
0.303,0.581,0.379,0.737,0.776,0.754,0.328,0.759,0.612,0.804,0.881,0.783,0.922,0.526,0.627,0.89,0.959,0.956,0.462,0.476,0.462,0.928,0.405,0.732,0.504,0.866,0.769,0.599,0.556,0.638,0.906,0.41,0.804,0.695,0.258,0.33,0.119,0.56,0.247,0.378,0.32,0.054,IT
0.891,0.437,0.751,0.475,0.814,0.601,0.522,0.517,0.569,0.69,0.918,0.765,0.784,0.827,0.736,0.58,0.638,0.58,0.525,0.78,0.596,0.797,0.955,0.889,0.728,0.348,0.611,0.5,0.731,0.711,0.682,0.638,0.69,0.661,0.268,0.523,0.082,0.133,0.318,0.453,0.207,0.022,CS
0.858,0.324,0.632,0.316,0.904,0.541,0.66,0.718,0.681,0.539,0.627,0.545,0.607,0.551,0.592,0.467,0.992,0.729,0.436,0.634,0.608,0.315,0.776,0.555,0.419,0.872,0.619,0.506,0.88,0.72,0.537,0.675,0.539,0.376,0.228,0.479,0.373,0.295,0.355,0.154,0.21,0.281,CS
0.338,0.843,0.614,0.349,0.656,0.419,0.815,0.683,0.84,0.428,0.724,0.519,0.73,0.806,0.812,0.871,0.897,0.799,0.54,0.781,0.66,0.433,0.687,0.542,0.573,0.867,0.701,0.319,0.341,0.401,0.8,0.491,0.428,0.487,0.148,0.237,0.276,0.266,0.423,0.153,0.059,0.365,IT
0.764,0.891,0.881,0.565,0.635,0.537,0.504,0.845,0.753,0.807,0.626,0.634,0.34,0.562,0.444,0.726,0.305,0.613,0.555,0.894,0.731,0.391,0.858,0.667,0.669,0.66,0.582,0.759,0.938,0.767,0.533,0.676,0.807,0.473,0.566,0.132,0.374,0.124,0.076,0.578,0.083,0.263,CS
0.674,0.717,0.679,0.51,0.334,0.471,0.822,0.77,0.825,0.471,0.316,0.455,0.644,0.515,0.5,0.344,0.544,0.505,0.943,0.928,1.0,0.935,0.669,0.746,0.859,0.45,0.608,0.463,0.66,0.526,0.494,0.653,0.471,0.939,0.47,0.256,0.684,0.202,0.045,0.164,0.562,0.229,MMA
0.915,0.437,0.609,0.703,0.624,0.696,0.856,0.826,0.93,0.579,0.444,0.522,0.378,0.502,0.381,0.578,0.378,0.384,0.76,0.727,0.785,0.762,0.38,0.529,0.391,0.89,0.69,0.441,0.539,0.583,0.478,0.737,0.579,0.761,0.56,0.369,0.556,0.446,0.295,0.528,0.1,0.077,CS
0.849,0.78,0.851,0.687,0.695,0.738,0.489,0.547,0.592,0.516,0.682,0.64,1.0,0.605,0.788,0.89,0.864,0.923,0.624,0.527,0.597,0.913,0.919,0.838,0.6,0.625,0.708,0.775,0.585,0.585,0.945,0.704,0.516,0.768,0.266,0.336,0.318,0.277,0.202,0.024,0.436,0.338,IT
0.622,0.6,0.691,0.502,0.474,0.576,0.866,0.874,0.809,0.4,0.318,0.307,0.842,0.468,0.701,0.476,0.577,0.623,0.471,0.563,0.478,0.377,0.643,0.486,0.786,0.872,0.838,0.323,0.733,0.439,0.659,0.604,0.4,0.424,0.478,0.263,0.682,0.397,0.237,0.286,0.054,0.423,IT
0.938,0.869,0.864,0.711,0.94,0.79,0.874,0.307,0.491,0.832,0.833,0.89,0.951,0.383,0.613,0.933,0.424,0.715,0.671,0.358,0.472,0.664,0.897,0.822,0.735,0.647,0.651,0.383,0.586,0.391,0.942,0.732,0.832,0.668,0.596,0.412,0.167,0.373,0.17,0.407,0.39,0.033,CE
0.712,0.685,0.614,0.96,0.37,0.736,0.3,0.918,0.513,0.83,0.553,0.739,0.581,0.35,0.519,0.35,0.945,0.558,0.636,0.806,0.699,0.452,0.831,0.699,0.946,0.563,0.756,0.554,0.48,0.567,0.465,0.522,0.83,0.544,0.353,0.198,0.447,0.182,0.152,0.204,0.189,0.455,CE
0.942,0.767,0.849,0.845,0.749,0.709,0.367,0.327,0.338,0.878,0.519,0.675,0.937,0.886,0.944,0.487,0.382,0.338,0.375,0.505,0.45,0.345,0.395,0.306,0.742,0.731,0.747,0.475,0.56,0.437,0.712,0.595,0.878,0.36,0.366,0.453,0.481,0.55,0.034,0.305,0.521,0.14,CE
0.942,0.75,0.752,0.998,0.369,0.72,0.477,0.574,0.555,0.606,0.475,0.507,0.539,0.972,0.815,0.621,0.44,0.593,0.41,0.447,0.402,0.916,0.392,0.579,0.646,0.493,0.583,0.616,0.604,0.533,0.58,0.678,0.606,0.663,0.294,0.338,0.525,0.58,0.035,0.399,0.504,0.062,CS
0.379,0.337,0.38,0.801,0.561,0.717,0.799,0.955,0.79,0.435,0.348,0.465,0.855,0.702,0.695,0.491,0.508,0.512,0.481,0.351,0.462,0.509,0.617,0.489,0.862,0.696,0.859,0.647,0.959,0.881,0.673,0.608,0.435,0.495,0.395,0.354,0.652,0.516,0.194,0.614,0.088,0.103,CS
0.332,0.712,0.567,0.841,0.405,0.612,0.424,0.763,0.525,0.933,0.461,0.655,0.896,0.621,0.663,0.646,0.359,0.6,0.712,0.48,0.608,0.354,0.86,0.692,0.912,0.539,0.691,0.325,0.756,0.547,0.771,0.36,0.933,0.533,0.51,0.262,0.539,0.33,0.193,0.747,0.058,0.003,CE
0.351,0.456,0.31,0.652,0.52,0.522,0.825,0.443,0.672,0.544,0.658,0.688,0.326,0.65,0.559,0.712,0.494,0.582,0.776,0.924,0.758,0.35,0.528,0.385,0.485,0.455,0.409,0.391,0.954,0.601,0.519,0.522,0.544,0.563,0.428,0.55,0.342,0.274,0.049,0.061,0.585,0.305,CE
0.853,0.373,0.68,0.586,0.484,0.55,0.876,0.845,0.938,0.95,0.467,0.693,0.31,0.916,0.544,0.903,0.531,0.69,0.327,0.529,0.506,0.318,0.584,0.357,0.56,0.421,0.441,0.914,0.605,0.715,0.606,0.881,0.95,0.322,0.276,0.391,0.533,0.444,0.417,0.072,0.141,0.37,CE
0.466,0.775,0.619,0.84,0.964,0.825,0.534,0.524,0.459,0.867,0.832,0.846,0.676,0.342,0.52,0.854,0.702,0.731,0.767,0.553,0.669,0.641,0.567,0.648,0.919,0.304,0.698,0.658,0.791,0.795,0.765,0.553,0.867,0.704,0.478,0.351,0.168,0.44,0.225,0.643,0.07,0.062,CS
0.76,0.909,0.913,0.751,0.668,0.676,0.986,0.524,0.804,0.672,0.726,0.678,0.975,0.7,0.925,0.305,0.701,0.547,0.822,0.933,0.778,0.3,0.631,0.371,0.982,0.455,0.713,0.343,0.665,0.48,0.64,0.696,0.672,0.561,0.3,0.284,0.274,0.218,0.008,0.074,0.09,0.829,MMA
0.446,0.681,0.661,0.854,0.995,1.0,0.643,0.787,0.637,0.609,0.866,0.739,0.792,0.822,0.758,0.913,0.622,0.709,0.906,0.592,0.799,0.684,0.567,0.687,0.709,0.573,0.563,0.927,0.325,0.698,0.852,0.672,0.609,0.795,0.278,0.266,0.134,0.421,0.107,0.244,0.61,0.039,CE
0.697,0.835,0.818,0.668,0.737,0.754,0.889,0.833,0.832,0.998,0.604,0.706,0.554,0.389,0.396,0.497,0.337,0.455,0.352,0.442,0.316,0.344,0.487,0.43,0.975,0.913,1.0,0.423,0.485,0.37,0.526,0.67,0.998,0.348,0.637,0.166,0.396,0.536,0.563,0.027,0.304,0.106,CE
0.47,0.994,0.783,0.886,0.7,0.867,0.752,0.962,0.813,0.717,0.783,0.728,0.916,0.986,0.95,0.573,0.63,0.672,0.752,0.331,0.55,0.312,0.845,0.544,0.63,0.859,0.654,0.411,0.579,0.441,0.744,0.544,0.717,0.532,0.192,0.022,0.217,0.412,0.039,0.594,0.164,0.203,CS
0.956,0.539,0.707,0.464,0.881,0.708,0.465,0.564,0.516,0.67,0.922,0.772,0.936,0.609,0.822,0.951,0.935,0.855,0.444,0.634,0.525,0.749,0.961,0.777,0.616,0.435,0.604,0.975,0.635,0.726,0.944,0.799,0.67,0.596,0.228,0.448,0.078,0.202,0.287,0.223,0.082,0.408,IT
0.983,0.69,0.85,0.508,0.709,0.597,0.512,0.347,0.38,0.438,0.679,0.579,0.726,0.572,0.633,0.884,0.633,0.856,0.608,0.755,0.591,0.757,0.896,0.915,0.998,0.498,0.763,0.616,0.695,0.587,0.805,0.704,0.438,0.682,0.397,0.482,0.321,0.174,0.368,0.456,0.113,0.062,IT
0.399,0.779,0.551,0.937,0.77,0.882,0.692,0.332,0.598,0.74,0.996,0.875,0.797,0.339,0.595,0.835,0.845,0.894,0.458,0.983,0.82,0.353,0.956,0.612,0.782,0.537,0.753,0.371,0.648,0.495,0.816,0.487,0.74,0.406,0.408,0.444,0.004,0.03,0.139,0.366,0.05,0.445,IT
0.986,0.863,0.997,0.552,0.527,0.543,0.332,0.962,0.576,0.932,0.359,0.71,0.406,0.327,0.41,0.496,0.8,0.659,0.376,0.952,0.655,0.814,0.651,0.753,0.512,0.44,0.485,0.608,0.573,0.625,0.451,0.642,0.932,0.595,0.436,0.088,0.641,0.198,0.542,0.022,0.191,0.245,CE
0.368,0.465,0.327,0.997,0.816,0.824,0.314,0.804,0.547,0.851,0.946,0.918,0.431,0.848,0.73,0.706,0.777,0.709,0.567,0.814,0.776,0.74,0.853,0.731,0.448,0.672,0.496,0.744,0.504,0.683,0.568,0.475,0.851,0.654,0.188,0.365,0.054,0.167,0.47,0.177,0.057,0.296,CE
0.995,0.736,0.773,0.312,0.524,0.357,0.869,0.891,0.832,0.528,0.465,0.578,0.652,0.759,0.689,0.742,0.57,0.624,0.744,0.714,0.688,0.405,0.558,0.464,0.74,0.94,0.747,0.471,0.436,0.454,0.697,0.778,0.528,0.574,0.336,0.186,0.535,0.364,0.184,0.428,0.091,0.296,CS
0.919,0.937,1.0,0.841,0.934,0.835,0.438,0.305,0.413,0.956,0.431,0.721,0.823,0.949,0.915,0.979,0.541,0.73,0.68,0.568,0.525,0.812,0.826,0.869,0.542,0.666,0.576,0.311,0.694,0.427,0.901,0.556,0.956,0.746,0.255,0.379,0.569,0.303,0.018,0.3,0.002,0.68,MMA
0.661,0.988,0.736,0.708,0.545,0.695,0.553,0.482,0.589,0.562,0.312,0.415,0.758,0.478,0.605,0.34,0.712,0.577,0.589,0.594,0.509,0.441,0.408,0.421,0.67,0.964,0.732,0.72,0.669,0.697,0.549,0.645,0.562,0.515,0.405,0.265,0.688,0.499,0.598,0.067,0.012,0.323,IT
0.542,0.312,0.377,0.517,0.732,0.559,0.589,0.638,0.605,0.982,0.332,0.747,0.707,0.857,0.768,0.618,0.916,0.846,0.467,0.439,0.453,0.93,0.526,0.758,0.796,0.845,0.833,0.582,0.977,0.802,0.662,0.571,0.982,0.698,0.113,0.525,0.668,0.518,0.416,0.135,0.354,0.095,CE
0.472,0.8,0.64,0.778,0.489,0.653,0.611,0.718,0.622,0.801,0.864,0.784,0.51,0.763,0.676,0.793,0.778,0.764,0.576,0.478,0.459,0.785,0.365,0.663,0.879,0.9,0.971,0.586,0.893,0.671,0.652,0.556,0.801,0.68,0.23,0.241,0.136,0.578,0.004,0.252,0.013,0.732,MMA
0.772,0.827,0.749,0.772,0.33,0.619,0.419,0.788,0.548,0.348,0.637,0.426,0.811,0.466,0.607,0.697,0.499,0.574,0.871,0.425,0.565,0.53,0.597,0.572,0.561,0.853,0.615,0.602,0.568,0.614,0.754,0.598,0.348,0.7,0.518,0.192,0.363,0.489,0.385,0.081,0.493,0.041,IT
0.322,0.416,0.348,0.521,0.368,0.431,0.537,0.386,0.42,0.921,0.511,0.759,0.728,0.599,0.612,0.558,0.714,0.607,0.45,0.382,0.492,0.608,0.738,0.671,0.911,0.683,0.793,0.947,0.804,0.798,0.643,0.602,0.921,0.529,0.344,0.599,0.489,0.44,0.045,0.357,0.417,0.182,CE
0.688,0.742,0.703,0.776,0.376,0.668,0.825,0.742,0.747,0.413,0.587,0.532,0.744,0.568,0.678,0.87,0.318,0.584,0.831,0.682,0.787,0.662,0.994,0.739,0.644,0.364,0.436,0.568,0.409,0.581,0.807,0.694,0.413,0.746,0.557,0.258,0.413,0.162,0.572,0.08,0.199,0.149,IT
0.871,0.739,0.705,0.834,0.823,0.83,0.932,0.936,0.939,0.726,0.998,0.821,0.527,0.428,0.557,0.821,0.374,0.694,0.812,0.895,0.763,0.653,0.789,0.73,0.767,0.873,0.794,0.894,0.414,0.608,0.674,0.899,0.726,0.732,0.599,0.162,0.002,0.158,0.017,0.174,0.183,0.626,MMA
0.757,0.606,0.712,0.337,0.426,0.407,0.749,0.842,0.776,0.806,0.779,0.885,0.451,0.686,0.589,0.999,0.441,0.725,0.542,0.668,0.552,0.333,0.701,0.484,0.427,0.527,0.387,0.965,0.707,0.899,0.725,0.824,0.806,0.438,0.436,0.276,0.221,0.316,0.125,0.531,0.15,0.194,CS
0.644,0.813,0.742,0.49,0.402,0.467,0.642,0.367,0.484,0.66,0.879,0.685,0.544,0.876,0.74,0.503,0.892,0.696,0.649,0.984,0.906,0.551,0.398,0.44,0.321,0.315,0.297,0.959,0.91,0.937,0.524,0.748,0.66,0.6,0.116,0.41,0.121,0.309,0.753,0.005,0.219,0.023,IT
0.828,0.402,0.689,0.75,0.461,0.537,0.739,0.931,0.879,0.544,0.711,0.59,0.999,0.824,0.935,0.596,0.733,0.633,0.32,0.577,0.534,0.738,0.359,0.626,0.488,0.471,0.439,0.704,0.681,0.691,0.798,0.757,0.544,0.529,0.222,0.333,0.289,0.532,0.376,0.113,0.453,0.057,IT
0.848,0.765,0.843,0.637,0.767,0.618,0.896,0.339,0.547,0.704,0.818,0.676,0.945,0.982,0.984,0.637,0.819,0.694,0.645,0.941,0.884,0.949,0.484,0.663,0.508,0.609,0.521,0.562,0.734,0.701,0.791,0.769,0.704,0.797,0.1,0.448,0.182,0.288,0.43,0.544,0.011,0.016,CS
0.853,0.673,0.778,0.337,0.479,0.435,0.901,0.942,0.922,0.682,0.883,0.79,0.662,0.934,0.856,0.936,0.453,0.699,0.89,0.378,0.693,0.428,0.866,0.669,0.435,0.631,0.57,0.744,0.599,0.751,0.799,0.833,0.682,0.659,0.306,0.192,0.117,0.378,0.181,0.174,0.016,0.63,MMA
0.424,0.67,0.608,0.451,0.669,0.508,0.832,0.695,0.835,0.926,0.754,0.885,0.684,0.569,0.656,0.936,0.592,0.727,0.572,0.605,0.503,0.649,0.646,0.665,0.554,0.729,0.717,0.969,0.709,0.747,0.81,0.742,0.926,0.61,0.42,0.318,0.246,0.375,0.66,0.232,0.078,0.03,IT
0.4,0.417,0.318,0.932,0.679,0.845,0.88,0.854,0.943,0.977,0.607,0.882,0.806,0.349,0.614,0.781,0.934,0.832,0.709,0.309,0.475,0.344,0.665,0.568,0.445,0.669,0.498,0.384,0.658,0.437,0.794,0.555,0.977,0.526,0.359,0.365,0.393,0.513,0.484,0.017,0.062,0.437,IT
0.714,0.32,0.532,0.887,0.806,0.773,0.715,0.771,0.65,0.899,0.934,0.987,0.877,0.821,0.876,0.775,0.864,0.852,0.529,0.563,0.626,0.312,0.789,0.642,0.794,0.996,0.933,0.324,0.879,0.558,0.826,0.584,0.899,0.42,0.157,0.454,0.066,0.324,0.321,0.203,0.17,0.306,IT
0.565,0.743,0.717,0.508,0.45,0.512,0.769,0.931,0.753,0.897,0.665,0.805,0.364,0.603,0.429,0.478,0.653,0.628,0.821,0.714,0.775,0.599,0.981,0.802,0.478,0.461,0.492,0.666,0.305,0.552,0.421,0.667,0.897,0.71,0.372,0.163,0.335,0.153,0.431,0.384,0.025,0.159,CS
0.955,0.904,0.886,0.41,0.614,0.483,0.778,0.977,0.85,0.344,0.928,0.544,0.967,0.765,0.954,0.44,0.328,0.382,0.615,0.532,0.665,0.876,0.763,0.752,0.814,0.809,0.796,0.947,0.417,0.636,0.704,0.893,0.344,0.746,0.454,0.06,0.072,0.353,0.022,0.529,0.324,0.126,CS
0.415,0.328,0.305,0.617,0.473,0.497,0.913,0.661,0.833,0.325,0.556,0.436,0.43,0.384,0.481,0.958,0.355,0.626,0.971,0.358,0.693,0.981,0.985,0.977,0.414,0.441,0.506,0.938,0.726,0.885,0.694,0.755,0.325,0.976,0.631,0.505,0.444,0.328,0.252,0.203,0.329,0.216,MMA
0.674,0.466,0.619,0.631,0.506,0.629,0.788,0.956,0.805,0.754,0.471,0.693,0.37,0.759,0.623,0.548,0.968,0.828,0.506,0.305,0.365,0.497,0.923,0.803,0.349,0.63,0.499,0.365,0.564,0.428,0.459,0.609,0.754,0.502,0.137,0.289,0.529,0.386,0.239,0.337,0.378,0.046,CE
0.869,0.775,0.9,0.615,0.926,0.843,0.607,0.567,0.673,0.801,0.95,0.935,0.727,0.381,0.512,0.978,0.524,0.67,0.795,0.814,0.762,0.508,0.628,0.473,0.853,0.522,0.758,0.862,0.763,0.777,0.852,0.779,0.801,0.652,0.548,0.329,0.05,0.279,0.201,0.163,0.115,0.522,MMA
0.638,0.883,0.682,0.399,0.984,0.709,0.657,0.666,0.605,0.803,0.359,0.596,0.7,0.94,0.825,0.396,0.701,0.467,0.443,0.322,0.385,0.359,0.629,0.58,0.804,0.354,0.524,0.772,0.926,0.756,0.548,0.689,0.803,0.401,0.18,0.226,0.641,0.524,0.259,0.128,0.122,0.49,CE
0.823,0.895,0.83,0.688,0.731,0.674,0.699,0.466,0.511,0.562,0.818,0.773,0.62,0.75,0.606,0.933,0.698,0.872,0.856,0.48,0.674,0.972,0.363,0.704,0.974,0.51,0.814,0.954,0.823,0.835,0.776,0.825,0.562,0.914,0.276,0.32,0.182,0.578,0.099,0.009,0.432,0.46,MMA
0.743,0.547,0.56,0.827,0.809,0.9,0.811,0.88,0.895,0.741,0.599,0.751,0.756,0.579,0.584,0.503,0.681,0.547,0.455,0.669,0.496,0.86,0.639,0.764,0.403,0.527,0.447,0.866,0.839,0.797,0.63,0.807,0.741,0.658,0.37,0.286,0.401,0.346,0.11,0.032,0.51,0.349,CE
0.694,0.789,0.802,0.805,0.79,0.889,0.718,0.745,0.801,0.769,0.813,0.738,0.56,0.403,0.483,0.619,0.998,0.831,0.851,0.534,0.758,0.731,0.788,0.718,0.684,0.744,0.732,0.941,0.929,1.0,0.59,0.784,0.769,0.791,0.3,0.233,0.187,0.339,0.162,0.527,0.264,0.047,CS
0.599,0.467,0.434,0.432,0.303,0.411,0.598,0.519,0.611,0.883,0.983,0.961,0.623,0.514,0.513,0.449,0.586,0.616,0.301,0.438,0.307,0.802,0.547,0.666,0.404,0.583,0.414,0.673,0.369,0.579,0.536,0.623,0.883,0.552,0.45,0.507,0.017,0.507,0.266,0.409,0.172,0.153,CE
0.369,0.667,0.521,0.628,0.818,0.79,0.826,0.401,0.638,0.356,0.786,0.548,0.393,0.903,0.671,0.548,0.322,0.442,0.946,0.717,0.926,0.396,0.698,0.606,0.668,0.364,0.532,0.728,0.81,0.821,0.471,0.641,0.356,0.671,0.387,0.466,0.214,0.292,0.443,0.328,0.073,0.156,CS
0.843,0.967,0.821,0.675,0.519,0.542,0.654,0.724,0.591,0.846,0.874,0.953,0.426,0.716,0.557,0.534,0.696,0.672,0.316,0.979,0.709,0.826,0.832,0.807,0.826,0.571,0.778,0.424,0.505,0.475,0.48,0.64,0.846,0.571,0.294,0.155,0.126,0.095,0.108,0.155,0.191,0.546,CE
0.666,0.554,0.56,0.586,0.661,0.673,0.385,0.455,0.396,0.552,0.574,0.622,0.527,0.651,0.614,0.463,0.803,0.642,0.613,0.867,0.688,0.918,0.693,0.827,0.913,0.872,0.913,0.827,0.603,0.725,0.495,0.626,0.552,0.766,0.273,0.495,0.426,0.22,0.032,0.047,0.889,0.031,CE
0.419,0.857,0.538,0.498,0.709,0.622,0.844,0.654,0.751,0.808,0.649,0.75,0.928,0.581,0.732,0.302,0.729,0.422,0.653,0.863,0.768,0.489,0.85,0.623,0.813,0.727,0.704,0.934,0.44,0.785,0.615,0.732,0.808,0.571,0.345,0.244,0.351,0.143,0.013,0.556,0.405,0.026,CS
0.813,0.785,0.857,0.48,0.611,0.577,0.608,0.788,0.725,0.38,0.847,0.658,0.759,0.409,0.537,0.575,0.496,0.481,0.864,0.747,0.818,0.458,0.943,0.639,0.856,0.977,0.962,0.995,0.756,0.819,0.667,0.805,0.38,0.661,0.548,0.214,0.153,0.155,0.129,0.221,0.004,0.646,MMA
0.488,0.871,0.651,0.636,0.976,0.754,0.805,0.829,0.761,0.651,0.545,0.652,0.736,0.633,0.74,0.465,0.828,0.719,0.915,0.849,0.863,0.987,0.566,0.804,0.413,0.986,0.74,0.827,0.346,0.639,0.6,0.707,0.651,0.951,0.27,0.15,0.455,0.292,0.411,0.308,0.095,0.186,MMA
0.377,0.63,0.452,0.544,0.414,0.425,0.354,0.944,0.655,0.578,0.675,0.652,0.945,0.425,0.644,0.983,0.56,0.676,0.403,0.318,0.459,0.495,0.946,0.82,0.72,0.323,0.438,0.637,0.584,0.632,0.964,0.456,0.578,0.449,0.507,0.213,0.325,0.368,0.11,0.518,0.146,0.226,IT
0.928,0.403,0.611,0.375,0.398,0.389,0.525,0.596,0.657,0.41,0.679,0.464,0.523,0.669,0.685,0.574,0.345,0.437,0.402,0.461,0.455,0.347,0.625,0.508,0.595,0.313,0.551,0.557,0.845,0.666,0.548,0.67,0.41,0.374,0.493,0.5,0.321,0.457,0.408,0.312,0.266,0.014,CS
0.552,0.923,0.775,0.402,0.714,0.636,0.79,0.404,0.671,0.511,0.618,0.57,0.895,0.952,1.0,0.306,0.945,0.536,0.486,0.66,0.569,0.723,0.636,0.766,0.468,0.492,0.564,0.354,0.727,0.577,0.6,0.565,0.511,0.604,0.052,0.336,0.382,0.352,0.176,0.297,0.047,0.479,MMA
0.398,0.581,0.404,0.682,0.769,0.813,0.818,0.679,0.835,0.635,0.693,0.683,0.587,0.887,0.674,0.688,0.806,0.828,0.919,0.656,0.816,0.576,0.628,0.683,0.951,0.927,0.867,0.895,0.964,0.902,0.638,0.704,0.635,0.748,0.153,0.37,0.307,0.358,0.09,0.186,0.102,0.621,MMA
0.619,0.8,0.768,0.646,0.9,0.782,0.588,0.375,0.46,0.814,0.945,0.83,0.549,0.408,0.516,0.972,0.749,0.884,0.687,0.362,0.571,0.721,0.763,0.822,0.849,0.847,0.933,0.993,0.707,0.772,0.76,0.733,0.814,0.704,0.422,0.412,0.055,0.438,0.273,0.688,0.012,0.026,CS
0.347,0.812,0.58,0.558,0.374,0.513,0.525,0.486,0.536,0.691,0.554,0.651,0.49,0.856,0.619,0.411,0.848,0.671,0.428,0.381,0.472,0.844,0.529,0.718,0.387,0.655,0.425,0.574,0.352,0.458,0.45,0.482,0.691,0.636,0.148,0.351,0.446,0.545,0.336,0.36,0.028,0.275,MMA
0.83,0.558,0.737,0.559,0.596,0.59,0.965,0.376,0.577,0.726,0.964,0.943,0.639,0.628,0.662,0.689,0.744,0.791,0.822,0.648,0.727,0.748,0.619,0.675,0.311,0.422,0.364,0.876,0.495,0.69,0.664,0.89,0.726,0.785,0.314,0.533,0.036,0.367,0.075,0.02,0.563,0.342,CE
0.355,0.804,0.549,0.996,0.512,0.702,0.698,0.885,0.73,0.797,0.343,0.654,0.357,0.94,0.647,0.614,0.981,0.896,0.755,0.389,0.573,0.67,0.66,0.679,0.313,0.798,0.598,0.381,0.699,0.554,0.486,0.478,0.797,0.712,0.04,0.155,0.657,0.476,0.45,0.035,0.386,0.129,CE
0.655,0.841,0.789,0.383,0.714,0.642,0.41,0.897,0.694,0.842,0.497,0.627,0.934,0.552,0.656,0.72,0.387,0.613,0.749,0.912,0.888,0.378,0.567,0.528,0.592,0.981,0.834,0.311,0.916,0.534,0.827,0.459,0.842,0.564,0.53,0.131,0.503,0.26,0.036,0.312,0.471,0.181,CE
0.502,0.546,0.493,0.529,0.47,0.521,0.93,0.515,0.66,0.887,0.819,0.939,0.416,0.401,0.417,0.73,0.636,0.703,0.426,0.636,0.563,0.603,0.776,0.679,0.534,0.513,0.505,0.316,0.768,0.611,0.573,0.583,0.887,0.514,0.482,0.47,0.181,0.294,0.086,0.009,0.845,0.06,CE
0.389,0.559,0.521,0.506,0.702,0.587,0.382,0.531,0.502,0.728,0.384,0.489,0.749,0.869,0.779,0.717,0.419,0.53,0.314,0.838,0.556,0.871,0.796,0.899,0.5,0.43,0.559,0.802,0.884,0.746,0.733,0.524,0.728,0.592,0.356,0.455,0.616,0.183,0.161,0.5,0.03,0.309,CS
0.6,0.312,0.404,0.499,0.378,0.465,0.47,0.494,0.562,0.627,0.574,0.646,0.937,0.318,0.617,0.728,0.523,0.68,0.98,0.96,0.923,0.458,0.97,0.706,0.446,0.795,0.577,0.487,0.915,0.634,0.832,0.519,0.627,0.719,0.58,0.597,0.426,0.035,0.046,0.217,0.646,0.091,CE
0.63,0.739,0.754,0.461,0.872,0.614,0.774,0.601,0.611,0.8,0.452,0.562,0.551,0.757,0.601,0.429,0.307,0.362,0.6,0.464,0.443,0.6,0.852,0.769,0.903,0.307,0.698,0.539,0.993,0.717,0.49,0.648,0.8,0.6,0.468,0.33,0.548,0.342,0.19,0.13,0.131,0.549,MMA
0.822,0.995,0.931,0.624,0.363,0.593,0.686,0.79,0.72,0.683,0.96,0.755,0.505,0.406,0.514,0.343,0.357,0.31,0.66,0.584,0.531,0.97,0.967,0.924,0.812,0.705,0.706,0.484,0.644,0.548,0.424,0.664,0.683,0.815,0.618,0.107,0.04,0.225,0.093,0.444,0.177,0.287,MMA
0.432,0.673,0.517,0.668,0.847,0.811,0.548,0.786,0.755,0.738,0.404,0.607,0.373,0.91,0.645,0.57,0.34,0.431,0.932,0.315,0.618,0.952,0.576,0.75,0.705,0.624,0.598,0.313,0.727,0.604,0.472,0.431,0.738,0.942,0.375,0.27,0.596,0.554,0.046,0.096,0.188,0.671,MMA
0.488,0.917,0.614,0.959,0.693,0.857,0.557,0.847,0.636,0.334,0.577,0.526,0.828,0.662,0.76,0.391,0.888,0.697,0.76,0.626,0.786,0.915,0.751,0.808,0.733,0.703,0.697,0.515,0.585,0.565,0.609,0.52,0.334,0.838,0.225,0.118,0.423,0.312,0.183,0.1,0.469,0.248,MMA
0.347,0.558,0.53,0.829,0.526,0.765,0.354,0.973,0.612,0.306,0.604,0.427,0.677,0.858,0.836,0.581,0.601,0.521,0.333,0.749,0.454,0.814,0.677,0.685,0.678,0.428,0.541,0.86,0.623,0.671,0.629,0.52,0.306,0.574,0.27,0.234,0.396,0.287,0.369,0.059,0.385,0.187,IT
0.618,0.896,0.799,0.323,0.507,0.489,0.313,0.682,0.543,0.735,0.832,0.829,0.784,0.875,0.859,0.582,0.63,0.649,0.913,0.491,0.67,0.952,0.705,0.764,0.765,0.994,0.944,0.822,0.446,0.709,0.683,0.584,0.735,0.932,0.248,0.211,0.168,0.402,0.219,0.645,0.117,0.019,CS
0.633,0.489,0.604,0.97,0.784,0.954,0.617,0.84,0.797,0.798,0.655,0.752,0.79,0.477,0.696,0.965,0.626,0.836,0.816,0.764,0.799,0.917,0.614,0.678,0.891,0.772,0.901,0.397,0.322,0.446,0.878,0.549,0.798,0.866,0.448,0.336,0.345,0.311,0.033,0.347,0.362,0.258,CE
0.392,0.767,0.657,0.598,0.589,0.582,0.358,0.924,0.715,0.999,0.71,0.904,0.442,0.767,0.635,0.931,0.882,0.994,0.908,0.908,0.821,0.892,0.725,0.785,0.34,0.774,0.523,0.627,0.777,0.785,0.686,0.459,0.999,0.9,0.176,0.154,0.29,0.184,0.561,0.193,0.158,0.088,CE
0.561,0.378,0.563,0.702,0.389,0.516,0.683,0.673,0.585,0.966,0.493,0.632,0.354,0.706,0.457,0.329,0.566,0.472,0.378,0.519,0.432,0.412,0.654,0.45,0.333,0.664,0.448,0.367,0.597,0.565,0.342,0.537,0.966,0.395,0.364,0.474,0.507,0.414,0.149,0.196,0.238,0.417,CE
0.834,0.726,0.753,0.427,0.781,0.703,0.627,0.807,0.716,0.602,0.587,0.596,0.557,0.824,0.765,0.918,0.459,0.768,0.539,0.517,0.573,0.513,0.337,0.4,0.805,0.529,0.693,0.762,0.814,0.867,0.738,0.741,0.602,0.526,0.359,0.234,0.413,0.573,0.334,0.107,0.226,0.333,IT
0.8,0.309,0.518,0.846,0.77,0.854,0.868,0.848,0.895,0.608,0.989,0.812,0.442,0.505,0.512,0.947,0.425,0.603,0.917,0.941,0.884,0.564,0.762,0.629,0.914,0.375,0.552,0.446,0.5,0.396,0.694,0.705,0.608,0.74,0.535,0.422,0.011,0.149,0.017,0.343,0.044,0.597,MMA
0.558,0.769,0.609,0.468,0.702,0.597,0.838,0.83,0.868,0.614,0.923,0.793,0.993,0.874,0.842,0.524,0.7,0.657,0.685,0.85,0.724,0.429,0.338,0.398,0.782,0.528,0.678,0.337,0.37,0.393,0.758,0.578,0.614,0.557,0.213,0.2,0.077,0.406,0.087,0.211,0.338,0.363,CE
0.421,0.64,0.577,0.842,0.849,0.791,0.435,0.713,0.622,0.523,0.373,0.492,0.51,0.416,0.393,0.52,0.715,0.589,0.314,0.368,0.299,0.762,0.369,0.578,0.384,0.448,0.35,0.347,0.77,0.551,0.515,0.401,0.523,0.538,0.434,0.324,0.627,0.632,0.739,0.043,0.065,0.152,IT
0.836,0.514,0.657,0.511,0.356,0.522,0.684,0.851,0.799,0.66,0.363,0.54,0.409,0.59,0.525,0.848,0.78,0.848,0.404,0.542,0.382,0.804,0.967,0.838,0.361,0.633,0.568,0.686,0.333,0.604,0.628,0.735,0.66,0.604,0.315,0.318,0.637,0.246,0.349,0.028,0.504,0.119,CE
0.56,0.623,0.658,0.762,0.341,0.643,0.403,0.822,0.64,0.431,0.42,0.499,0.594,0.758,0.677,0.809,0.635,0.68,0.554,0.901,0.721,0.449,0.954,0.761,0.339,0.999,0.708,0.412,0.466,0.478,0.702,0.458,0.431,0.502,0.304,0.278,0.58,0.073,0.618,0.111,0.121,0.15,IT
0.719,0.42,0.49,0.775,0.845,0.81,0.555,0.602,0.556,0.972,0.838,0.846,0.569,0.681,0.647,0.628,0.867,0.801,0.654,0.898,0.826,0.845,0.969,0.861,0.487,0.922,0.759,0.949,0.344,0.672,0.598,0.741,0.972,0.75,0.226,0.489,0.162,0.066,0.134,0.602,0.146,0.118,CS
0.309,0.741,0.497,0.374,0.526,0.384,0.959,0.524,0.708,0.888,0.753,0.863,0.745,0.962,0.795,0.992,0.882,0.955,0.764,0.754,0.671,0.453,0.973,0.72,0.565,0.833,0.704,0.309,0.815,0.609,0.868,0.526,0.888,0.608,0.078,0.367,0.247,0.137,0.043,0.75,0.061,0.146,CS
0.38,0.722,0.526,0.547,0.879,0.615,0.859,0.7,0.877,0.713,0.339,0.436,0.918,0.889,0.873,0.733,0.643,0.781,0.965,0.989,1.0,0.937,0.452,0.761,0.796,0.974,0.899,0.36,0.718,0.576,0.826,0.533,0.713,0.951,0.234,0.289,0.661,0.279,0.117,0.235,0.428,0.22,MMA
0.562,0.393,0.566,0.825,0.301,0.616,0.818,0.307,0.536,0.725,0.617,0.726,0.598,0.408,0.598,0.469,0.802,0.565,0.53,0.609,0.508,0.615,0.41,0.524,0.765,0.344,0.628,0.43,0.458,0.476,0.534,0.603,0.725,0.572,0.395,0.65,0.383,0.491,0.204,0.223,0.044,0.529,MMA
0.732,0.395,0.538,0.867,0.698,0.704,0.561,0.47,0.519,0.89,0.605,0.735,0.934,0.703,0.832,0.483,0.725,0.62,0.578,0.993,0.862,0.825,0.676,0.743,0.429,0.514,0.527,0.618,0.918,0.697,0.708,0.637,0.89,0.702,0.286,0.568,0.395,0.165,0.152,0.223,0.155,0.47,MMA
0.993,0.381,0.613,0.391,0.777,0.559,0.813,0.584,0.724,0.839,0.684,0.769,0.362,0.588,0.484,0.623,0.931,0.858,0.875,0.563,0.762,0.577,0.463,0.488,0.35,0.532,0.433,0.969,0.519,0.825,0.492,0.925,0.839,0.726,0.24,0.518,0.316,0.487,0.112,0.091,0.315,0.481,CE
0.331,0.455,0.384,0.532,0.799,0.668,0.412,0.926,0.628,0.812,0.846,0.921,0.649,0.731,0.657,0.775,0.624,0.687,0.899,0.335,0.693,0.896,0.654,0.773,0.553,0.996,0.697,0.713,0.777,0.832,0.712,0.485,0.812,0.898,0.322,0.31,0.154,0.505,0.483,0.329,0.04,0.149,IT
0.397,0.917,0.707,0.83,0.757,0.795,0.405,0.531,0.395,0.807,0.412,0.65,0.785,0.622,0.63,0.52,0.524,0.562,0.38,0.88,0.682,0.43,0.803,0.651,0.824,0.432,0.559,0.466,0.556,0.57,0.653,0.423,0.807,0.405,0.427,0.276,0.588,0.158,0.334,0.648,0.015,0.003,IT
0.789,0.496,0.609,0.683,0.372,0.556,0.528,0.743,0.702,0.42,0.952,0.692,0.946,0.445,0.717,0.583,0.842,0.734,0.646,0.939,0.768,0.454,0.726,0.615,0.607,0.641,0.716,0.813,0.377,0.538,0.764,0.71,0.42,0.55,0.357,0.381,0.048,0.167,0.474,0.165,0.315,0.046,IT
0.819,0.8,0.768,0.686,0.739,0.709,0.879,0.883,0.951,0.862,0.642,0.728,0.882,0.643,0.712,0.655,0.399,0.566,0.535,0.482,0.6,0.844,0.851,0.872,0.887,0.831,0.879,0.973,0.434,0.792,0.768,0.89,0.862,0.69,0.479,0.158,0.358,0.334,0.236,0.346,0.06,0.358,CS
0.728,0.998,0.958,0.976,0.544,0.858,0.619,0.896,0.701,0.654,0.976,0.905,0.779,0.858,0.754,0.805,0.733,0.687,0.379,0.376,0.422,0.399,0.627,0.485,0.685,0.795,0.777,0.661,0.625,0.623,0.792,0.669,0.654,0.389,0.205,0.053,0.024,0.498,0.49,0.099,0.074,0.336,IT
0.552,0.893,0.688,0.791,0.332,0.539,0.54,0.872,0.799,0.623,0.877,0.79,0.977,0.868,0.838,0.799,0.675,0.64,0.476,0.945,0.796,0.859,0.987,0.985,0.307,0.501,0.31,0.366,0.453,0.41,0.888,0.486,0.623,0.668,0.228,0.117,0.123,0.034,0.252,0.266,0.129,0.353,IT
0.65,0.922,0.777,0.494,0.941,0.695,0.652,0.53,0.624,0.997,0.318,0.737,0.303,0.555,0.363,0.83,0.335,0.593,0.506,0.394,0.504,0.452,0.457,0.409,0.711,0.762,0.64,0.469,0.602,0.502,0.566,0.59,0.997,0.479,0.555,0.274,0.682,0.574,0.423,0.304,0.193,0.081,CE
0.79,0.891,0.859,0.849,0.824,0.851,0.519,0.822,0.612,0.846,0.863,0.919,0.631,0.435,0.453,0.82,0.92,0.901,0.401,0.954,0.775,0.603,0.716,0.715,0.815,0.977,0.819,0.707,0.784,0.823,0.726,0.672,0.846,0.502,0.322,0.143,0.137,0.165,0.247,0.455,0.086,0.212,CS
0.599,0.596,0.548,0.873,0.99,0.883,0.339,0.871,0.629,0.972,0.477,0.638,0.645,0.36,0.455,0.388,0.457,0.344,0.968,0.495,0.72,0.929,0.774,0.875,0.794,0.88,0.913,0.75,0.923,0.844,0.516,0.563,0.972,0.948,0.592,0.266,0.523,0.365,0.058,0.379,0.139,0.423,MMA
0.328,0.578,0.543,0.475,0.959,0.808,0.917,0.695,0.835,0.909,0.843,0.902,0.988,0.78,0.979,0.34,0.397,0.359,0.569,0.848,0.641,0.983,0.521,0.738,0.492,0.706,0.511,0.405,0.822,0.551,0.664,0.55,0.909,0.776,0.412,0.364,0.157,0.316,0.107,0.626,0.039,0.229,CS
0.316,0.543,0.469,0.363,0.922,0.724,0.373,0.994,0.643,0.359,0.304,0.313,0.741,0.533,0.704,0.802,0.545,0.72,0.958,0.365,0.623,0.624,0.649,0.645,0.51,0.767,0.668,0.704,0.38,0.537,0.772,0.464,0.359,0.791,0.461,0.232,0.696,0.493,0.102,0.156,0.59,0.152,MMA
0.31,0.607,0.523,0.846,0.659,0.703,0.626,0.695,0.76,0.751,0.786,0.767,0.548,0.869,0.708,0.996,0.62,0.722,0.778,0.333,0.505,0.548,0.818,0.681,0.32,0.732,0.508,0.945,0.65,0.839,0.772,0.627,0.751,0.663,0.256,0.349,0.214,0.424,0.047,0.27,0.241,0.442,MMA
0.324,0.613,0.504,0.367,0.587,0.565,0.605,0.99,0.709,0.802,0.707,0.755,0.98,0.391,0.764,0.784,0.481,0.713,0.601,0.87,0.713,0.896,0.746,0.749,0.755,0.434,0.577,0.419,0.315,0.31,0.882,0.449,0.802,0.748,0.564,0.198,0.293,0.192,0.319,0.273,0.289,0.118,IT
0.78,0.793,0.758,0.917,0.751,0.876,0.494,0.3,0.47,0.876,0.386,0.606,0.763,0.756,0.832,0.398,0.601,0.419,0.573,0.311,0.521,0.669,0.895,0.694,0.459,0.482,0.448,0.862,0.571,0.657,0.58,0.712,0.876,0.621,0.322,0.454,0.614,0.397,0.031,0.038,0.659,0.272,CE
0.808,0.778,0.72,0.4,0.829,0.659,0.565,0.354,0.362,0.502,0.306,0.35,0.594,0.385,0.41,0.928,0.71,0.906,0.542,0.774,0.599,0.733,0.391,0.462,0.952,0.688,0.906,0.534,0.529,0.512,0.761,0.636,0.502,0.638,0.452,0.434,0.694,0.418,0.262,0.178,0.555,0.006,IT
0.796,0.531,0.6,0.657,0.654,0.583,0.441,0.586,0.495,0.522,0.404,0.364,0.979,0.96,0.967,0.997,0.772,0.798,0.382,0.941,0.688,0.89,0.929,0.899,0.334,0.432,0.296,0.432,0.587,0.433,0.988,0.556,0.522,0.636,0.134,0.442,0.596,0.065,0.1,0.325,0.229,0.347,IT
0.6,0.751,0.763,0.376,0.369,0.443,0.654,0.836,0.689,0.88,0.947,0.941,0.374,0.927,0.709,0.826,0.326,0.635,0.397,0.456,0.442,0.485,0.763,0.646,0.376,0.759,0.652,0.413,0.718,0.534,0.6,0.556,0.88,0.441,0.373,0.207,0.053,0.39,0.433,0.238,0.308,0.021,CE
0.987,0.737,0.862,0.569,0.678,0.599,0.552,0.625,0.544,0.426,0.69,0.626,0.407,0.323,0.314,0.986,0.88,0.952,0.95,0.612,0.878,0.507,0.468,0.515,0.565,0.738,0.613,0.733,0.493,0.523,0.696,0.757,0.426,0.728,0.398,0.319,0.31,0.46,0.259,0.229,0.377,0.134,CS
0.778,0.691,0.66,0.432,0.503,0.546,0.421,0.946,0.688,0.801,0.377,0.543,0.971,0.486,0.688,0.438,0.39,0.361,0.75,0.619,0.695,0.386,0.861,0.68,0.315,0.568,0.356,0.854,0.816,0.916,0.704,0.684,0.801,0.568,0.562,0.182,0.623,0.26,0.174,0.394,0.132,0.3,CS
0.666,0.337,0.544,0.68,0.88,0.735,0.932,0.999,1.0,0.845,0.869,0.871,0.433,0.774,0.646,0.99,0.679,0.789,0.779,0.986,0.818,0.528,0.679,0.538,0.316,0.536,0.499,0.33,0.6,0.518,0.712,0.643,0.845,0.654,0.273,0.332,0.131,0.167,0.282,0.39,0.051,0.277,CS
0.325,0.822,0.602,0.475,0.655,0.491,0.91,0.551,0.756,0.411,0.444,0.526,0.827,0.973,0.859,0.415,0.652,0.533,0.422,0.813,0.59,0.43,0.532,0.494,0.809,0.637,0.728,0.397,0.94,0.755,0.621,0.544,0.411,0.426,0.188,0.314,0.556,0.328,0.393,0.006,0.263,0.339,IT
0.996,0.997,1.0,0.345,0.967,0.679,0.861,0.585,0.687,0.624,0.403,0.485,0.9,0.327,0.544,0.388,0.582,0.584,0.421,0.402,0.495,0.917,0.323,0.67,0.759,0.837,0.797,0.994,0.331,0.609,0.644,0.95,0.624,0.669,0.546,0.209,0.597,0.638,0.113,0.134,0.569,0.184,CS
0.332,0.586,0.442,0.976,0.719,0.875,0.799,0.839,0.846,0.466,0.912,0.735,0.819,0.998,0.969,0.88,0.966,0.853,0.648,0.706,0.643,0.888,0.834,0.905,0.998,0.482,0.787,0.686,0.519,0.535,0.849,0.606,0.466,0.768,0.018,0.288,0.088,0.23,0.397,0.159,0.306,0.138,IT
0.454,0.536,0.471,0.981,0.304,0.74,0.986,0.997,0.987,0.975,0.577,0.681,0.457,0.962,0.612,0.682,0.353,0.475,0.362,0.902,0.65,0.931,0.782,0.951,0.657,0.747,0.717,0.639,0.892,0.794,0.57,0.693,0.975,0.647,0.342,0.234,0.423,0.158,0.365,0.349,0.048,0.238,CE
0.44,0.708,0.61,0.998,0.321,0.578,0.354,0.579,0.531,0.891,0.816,0.933,0.526,0.362,0.355,0.896,0.811,0.894,0.538,0.566,0.643,0.345,0.842,0.555,0.327,0.82,0.54,0.806,0.795,0.807,0.711,0.533,0.891,0.442,0.414,0.357,0.184,0.296,0.372,0.216,0.084,0.328,IT
0.712,0.309,0.591,0.682,0.908,0.872,0.611,0.655,0.617,0.615,0.927,0.828,0.389,0.727,0.657,0.717,0.85,0.837,0.545,0.56,0.598,0.65,0.699,0.717,0.844,0.49,0.597,0.504,0.655,0.548,0.553,0.609,0.615,0.598,0.212,0.518,0.073,0.371,0.407,0.027,0.345,0.222,CE
0.674,0.596,0.592,0.933,0.429,0.717,0.947,0.677,0.887,0.387,0.646,0.508,0.306,0.61,0.432,0.769,0.957,0.78,0.529,0.611,0.561,0.842,0.61,0.632,0.797,0.919,0.861,0.707,0.414,0.505,0.538,0.776,0.387,0.686,0.217,0.363,0.354,0.389,0.064,0.134,0.627,0.176,CS
0.434,0.486,0.437,0.736,0.608,0.651,0.695,0.469,0.498,0.317,0.476,0.315,0.535,0.841,0.732,0.728,0.897,0.769,0.92,0.579,0.73,0.584,0.369,0.571,0.397,0.539,0.432,0.352,0.407,0.288,0.632,0.494,0.317,0.752,0.131,0.522,0.524,0.526,0.119,0.693,0.143,0.045,CS
0.752,0.998,0.821,0.496,0.98,0.674,0.658,0.468,0.649,0.987,0.87,0.892,0.582,0.47,0.604,0.94,0.593,0.798,0.416,0.604,0.536,0.57,0.55,0.46,0.863,0.923,0.987,0.803,0.684,0.698,0.761,0.738,0.987,0.493,0.468,0.267,0.13,0.423,0.695,0.085,0.109,0.11,IT
0.892,0.307,0.543,0.766,0.927,0.883,0.589,0.553,0.619,0.819,0.725,0.73,0.948,0.686,0.875,0.45,0.541,0.57,0.335,0.659,0.493,0.826,0.497,0.605,0.948,0.7,0.745,0.435,0.999,0.656,0.699,0.639,0.819,0.58,0.386,0.57,0.275,0.422,0.186,0.108,0.428,0.278,CE
0.718,0.308,0.589,0.611,0.952,0.781,0.786,0.349,0.616,0.537,0.546,0.465,0.403,0.43,0.382,0.924,0.558,0.786,0.358,0.714,0.532,0.985,0.892,0.929,0.843,0.435,0.651,0.352,0.544,0.393,0.664,0.619,0.537,0.672,0.506,0.672,0.454,0.197,0.313,0.166,0.343,0.178,IT
0.361,0.815,0.654,0.932,0.7,0.867,0.826,0.409,0.551,0.35,0.524,0.431,0.999,0.602,0.845,0.785,0.443,0.526,0.682,0.79,0.836,0.551,0.927,0.716,0.783,0.719,0.661,0.355,0.315,0.309,0.892,0.514,0.35,0.616,0.478,0.388,0.476,0.141,0.484,0.067,0.329,0.12,IT
0.858,0.859,0.913,0.667,0.499,0.645,0.43,0.503,0.403,0.772,0.78,0.807,0.591,0.37,0.563,0.655,0.585,0.638,0.435,0.393,0.395,0.459,0.471,0.544,0.672,0.638,0.693,0.966,0.379,0.739,0.623,0.751,0.772,0.447,0.522,0.319,0.22,0.568,0.429,0.077,0.172,0.322,IT
0.784,0.47,0.634,0.779,0.614,0.769,0.909,0.629,0.864,0.353,0.302,0.304,0.721,0.74,0.726,0.387,0.419,0.474,0.908,0.772,0.872,0.718,0.442,0.566,0.787,0.676,0.635,0.967,0.891,0.882,0.554,0.887,0.353,0.813,0.42,0.45,0.698,0.393,0.222,0.593,0.023,0.162,CS
0.619,0.587,0.67,0.566,0.345,0.369,0.33,0.586,0.502,0.443,0.753,0.635,0.479,0.72,0.636,0.627,0.536,0.605,0.984,0.599,0.77,0.625,0.353,0.5,0.53,0.385,0.451,0.302,0.581,0.363,0.553,0.417,0.443,0.804,0.372,0.414,0.247,0.524,0.005,0.389,0.554,0.052,MMA
0.678,0.495,0.585,0.606,0.488,0.587,0.389,0.337,0.416,0.766,0.649,0.701,0.648,0.606,0.606,0.65,0.67,0.698,0.798,0.564,0.664,0.562,0.676,0.609,0.923,0.787,0.935,0.796,0.98,0.915,0.649,0.621,0.766,0.68,0.362,0.584,0.351,0.38,0.752,0.039,0.012,0.197,IT
0.988,0.592,0.733,0.665,0.754,0.673,0.8,0.983,0.971,0.504,0.529,0.491,0.576,0.37,0.526,0.556,0.916,0.821,0.317,0.992,0.697,0.664,0.573,0.622,0.527,0.736,0.55,0.735,0.493,0.517,0.566,0.841,0.504,0.491,0.357,0.213,0.471,0.218,0.35,0.376,0.242,0.033,CS
0.925,0.728,0.75,0.658,0.648,0.565,0.725,0.866,0.845,0.442,0.904,0.641,0.963,0.35,0.654,0.718,0.473,0.65,0.739,0.313,0.547,0.644,0.437,0.64,0.928,0.505,0.725,0.522,0.843,0.768,0.84,0.724,0.442,0.692,0.588,0.203,0.096,0.625,0.136,0.5,0.211,0.154,CS
0.957,0.657,0.801,0.771,0.483,0.592,0.952,0.775,0.929,0.49,0.681,0.679,0.523,0.412,0.47,0.571,0.412,0.569,0.994,0.698,0.901,0.901,0.791,0.755,0.41,0.35,0.282,0.514,0.575,0.493,0.547,0.808,0.49,0.948,0.588,0.284,0.319,0.256,0.024,0.276,0.117,0.582,MMA
0.306,0.89,0.689,0.801,0.814,0.894,0.446,0.996,0.776,0.809,0.553,0.69,0.758,0.734,0.787,0.358,0.549,0.44,0.482,0.421,0.379,0.556,0.645,0.514,0.963,0.836,0.945,0.421,0.723,0.578,0.558,0.391,0.809,0.519,0.359,0.057,0.447,0.467,0.494,0.168,0.105,0.233,IT
0.409,0.311,0.398,0.369,0.381,0.424,0.489,0.74,0.698,0.522,0.452,0.408,0.391,0.344,0.285,0.602,0.525,0.605,0.909,0.849,0.885,0.372,0.797,0.557,0.36,0.89,0.592,0.453,0.91,0.762,0.496,0.45,0.522,0.641,0.566,0.475,0.548,0.177,0.136,0.144,0.285,0.435,MMA
0.344,0.715,0.62,0.483,0.936,0.8,0.488,0.828,0.606,0.816,0.858,0.787,0.801,0.868,0.807,0.417,0.364,0.406,0.985,0.876,0.918,0.676,0.496,0.518,0.637,0.624,0.635,0.967,0.723,0.866,0.609,0.6,0.816,0.83,0.384,0.229,0.142,0.314,0.015,0.603,0.158,0.224,CS
0.59,0.651,0.625,0.436,0.783,0.69,0.415,0.36,0.435,0.491,0.737,0.653,0.525,0.871,0.708,0.908,0.834,0.945,0.314,0.47,0.31,0.609,0.923,0.76,0.895,0.529,0.68,0.927,0.598,0.82,0.716,0.644,0.491,0.462,0.147,0.494,0.263,0.304,0.049,0.538,0.155,0.258,CS
0.363,0.645,0.584,0.914,0.333,0.584,0.61,0.421,0.561,0.429,0.543,0.519,0.637,0.817,0.819,0.382,0.797,0.535,0.59,0.323,0.384,0.524,0.539,0.612,0.819,0.981,0.92,0.469,0.529,0.463,0.51,0.481,0.429,0.557,0.193,0.467,0.457,0.569,0.143,0.405,0.275,0.177,CS
0.404,0.315,0.304,0.375,0.85,0.535,0.807,0.57,0.603,0.869,0.706,0.734,0.926,0.332,0.569,0.826,0.797,0.769,0.343,0.901,0.585,0.437,0.661,0.631,0.33,0.836,0.598,0.598,0.821,0.803,0.876,0.603,0.869,0.39,0.436,0.558,0.294,0.219,0.066,0.039,0.616,0.279,CE
0.607,0.701,0.703,0.841,0.944,0.878,0.505,0.748,0.61,0.716,0.594,0.586,0.629,0.784,0.766,0.645,0.416,0.513,0.85,0.589,0.759,0.655,0.469,0.621,0.359,0.667,0.455,0.347,0.652,0.499,0.637,0.486,0.716,0.752,0.4,0.276,0.406,0.471,0.278,0.309,0.294,0.119,CE
0.742,0.704,0.707,0.718,0.963,0.779,0.934,0.337,0.597,0.502,0.738,0.546,0.918,0.88,0.929,0.621,0.953,0.853,0.65,0.791,0.734,0.712,0.532,0.614,0.355,0.55,0.492,0.967,0.974,0.982,0.77,0.881,0.502,0.681,0.084,0.48,0.262,0.338,0.389,0.086,0.495,0.031,IT
0.499,0.768,0.596,0.335,0.882,0.571,0.344,0.352,0.299,0.425,0.842,0.598,0.863,0.422,0.641,0.782,0.756,0.789,0.947,0.46,0.702,0.919,0.355,0.548,0.463,0.743,0.555,0.433,0.621,0.55,0.822,0.425,0.425,0.933,0.411,0.44,0.158,0.592,0.063,0.079,0.211,0.646,MMA
0.772,0.848,0.784,0.491,0.618,0.616,0.619,0.893,0.854,0.35,0.332,0.271,0.569,0.392,0.555,0.316,0.521,0.356,0.952,0.769,0.943,0.981,0.648,0.761,0.436,0.456,0.488,0.328,0.336,0.354,0.442,0.573,0.35,0.966,0.544,0.129,0.668,0.292,0.243,0.259,0.11,0.388,MMA
0.674,0.374,0.583,0.967,0.342,0.633,0.641,0.403,0.595,0.499,0.848,0.708,0.719,0.434,0.521,0.333,0.468,0.37,0.883,0.556,0.771,0.608,0.849,0.824,0.468,0.904,0.71,0.872,0.756,0.799,0.526,0.729,0.499,0.746,0.549,0.611,0.152,0.298,0.045,0.013,0.134,0.809,MMA
0.817,0.529,0.738,0.838,0.497,0.571,0.383,0.914,0.716,0.507,0.5,0.562,0.956,0.845,0.922,0.47,0.668,0.516,0.866,0.571,0.785,0.567,0.877,0.689,0.608,0.731,0.584,0.964,0.702,0.834,0.713,0.721,0.507,0.716,0.244,0.278,0.5,0.276,0.254,0.279,0.103,0.364,MMA
0.345,0.379,0.382,0.548,0.625,0.552,0.583,0.876,0.748,0.998,0.851,0.879,0.485,0.535,0.579,0.319,0.461,0.471,0.748,0.459,0.547,0.904,0.926,0.866,0.594,0.884,0.793,0.87,0.663,0.849,0.402,0.599,0.998,0.826,0.502,0.373,0.149,0.308,0.153,0.066,0.479,0.301,CE
0.898,0.357,0.696,0.505,0.758,0.54,0.727,0.802,0.738,0.451,0.676,0.63,0.526,0.477,0.457,0.964,0.551,0.659,0.847,0.789,0.744,0.989,0.726,0.858,0.568,0.929,0.697,0.5,0.386,0.495,0.745,0.708,0.451,0.918,0.486,0.42,0.324,0.242,0.288,0.299,0.078,0.335,MMA
0.836,0.551,0.753,0.544,0.831,0.594,0.686,0.979,0.928,0.497,0.609,0.466,0.911,0.698,0.782,0.379,0.963,0.677,0.498,0.545,0.476,0.721,0.951,0.907,0.622,0.879,0.735,0.477,0.988,0.693,0.645,0.666,0.497,0.609,0.169,0.235,0.391,0.252,0.06,0.7,0.022,0.219,CS
0.955,0.658,0.707,0.563,0.378,0.454,0.853,0.607,0.716,0.69,0.707,0.77,0.516,0.875,0.709,0.51,0.507,0.481,0.736,0.462,0.683,0.702,0.944,0.733,0.54,0.316,0.382,0.903,0.326,0.602,0.513,0.904,0.69,0.719,0.309,0.367,0.293,0.297,0.036,0.156,0.527,0.282,CE
0.816,0.544,0.769,0.796,0.595,0.681,0.943,0.703,0.865,0.592,0.457,0.569,0.725,0.651,0.713,0.446,0.856,0.74,0.924,0.525,0.706,0.866,0.717,0.801,0.949,0.675,0.815,0.329,0.349,0.24,0.586,0.696,0.592,0.895,0.246,0.377,0.543,0.379,0.447,0.096,0.116,0.341,MMA
0.726,0.727,0.686,0.884,0.416,0.561,0.434,0.487,0.417,0.769,0.452,0.646,0.364,0.403,0.385,0.945,0.902,1.0,0.755,0.773,0.789,0.736,0.403,0.578,0.57,0.61,0.595,0.39,0.552,0.383,0.654,0.517,0.769,0.746,0.347,0.393,0.548,0.412,0.596,0.019,0.046,0.339,IT
0.638,0.395,0.493,0.381,0.44,0.321,0.607,0.865,0.753,0.724,0.44,0.551,0.892,0.361,0.698,0.639,0.886,0.726,0.537,0.826,0.739,0.461,0.981,0.638,0.348,0.717,0.577,0.973,0.583,0.683,0.766,0.739,0.724,0.499,0.377,0.37,0.56,0.097,0.369,0.137,0.227,0.268,IT
0.345,0.64,0.478,0.799,0.752,0.712,0.444,0.476,0.396,0.76,0.996,0.908,0.725,0.587,0.618,0.938,0.978,0.957,0.503,0.839,0.598,0.836,0.873,0.78,0.984,0.99,1.0,0.647,0.472,0.576,0.831,0.479,0.76,0.67,0.218,0.442,0.004,0.144,0.225,0.095,0.228,0.451,IT
0.35,0.533,0.345,0.825,0.748,0.699,0.975,0.316,0.664,0.843,0.852,0.754,0.934,0.943,0.951,0.637,0.331,0.497,0.587,0.841,0.695,0.779,0.371,0.501,0.398,0.332,0.373,0.856,0.727,0.807,0.786,0.727,0.843,0.683,0.363,0.576,0.148,0.394,0.479,0.174,0.189,0.158,IT
0.798,0.413,0.508,0.717,0.96,0.86,0.848,0.771,0.809,0.803,0.877,0.785,0.535,0.457,0.486,0.92,0.542,0.705,0.902,0.661,0.789,0.903,0.643,0.809,0.36,0.425,0.373,0.646,0.976,0.905,0.728,0.764,0.803,0.903,0.5,0.408,0.123,0.348,0.281,0.056,0.491,0.172,CE
0.575,0.791,0.586,0.402,0.881,0.671,0.555,0.65,0.684,0.742,0.579,0.584,0.506,0.985,0.733,0.63,0.649,0.716,0.723,0.786,0.732,0.32,0.952,0.726,0.964,0.961,1.0,0.779,0.891,0.855,0.568,0.636,0.742,0.522,0.183,0.279,0.421,0.131,0.031,0.107,0.768,0.094,CE
0.907,0.365,0.603,0.546,0.336,0.365,0.435,0.886,0.574,0.509,0.307,0.447,0.734,0.751,0.718,0.446,0.804,0.687,0.397,0.641,0.469,0.418,0.814,0.623,0.451,0.517,0.577,0.894,0.916,0.897,0.59,0.745,0.509,0.408,0.222,0.375,0.693,0.272,0.478,0.231,0.04,0.251,IT
0.716,0.501,0.678,0.406,0.557,0.406,0.583,0.328,0.41,0.581,0.635,0.616,0.492,0.666,0.581,0.521,0.881,0.71,0.533,0.963,0.817,0.988,0.785,0.862,0.497,0.764,0.727,0.739,0.917,0.794,0.506,0.679,0.581,0.76,0.226,0.586,0.365,0.126,0.063,0.286,0.171,0.481,MMA
0.842,0.614,0.734,0.93,0.686,0.759,0.605,0.661,0.553,0.821,0.377,0.58,0.863,0.627,0.814,0.539,0.97,0.697,0.327,0.911,0.669,0.462,0.989,0.726,0.966,0.654,0.804,0.614,0.534,0.581,0.701,0.687,0.821,0.394,0.202,0.363,0.623,0.05,0.51,0.032,0.255,0.203,IT
0.907,0.719,0.866,0.97,0.751,0.957,0.518,0.43,0.455,0.63,0.927,0.79,0.505,0.82,0.663,0.413,0.704,0.641,0.89,0.711,0.776,0.361,0.629,0.545,0.552,0.465,0.595,0.875,0.747,0.738,0.459,0.767,0.63,0.626,0.238,0.426,0.073,0.33,0.116,0.081,0.712,0.091,CE
0.89,0.995,0.916,0.618,0.798,0.795,0.926,0.34,0.567,0.828,0.782,0.732,0.651,0.847,0.693,0.91,0.337,0.68,0.731,0.521,0.67,0.848,0.954,0.874,0.78,0.722,0.756,0.923,0.302,0.569,0.78,0.913,0.828,0.79,0.408,0.332,0.218,0.262,0.176,0.045,0.542,0.237,CE
0.635,0.87,0.743,0.691,0.302,0.47,0.397,0.783,0.586,0.511,0.627,0.511,0.948,0.338,0.716,0.658,0.733,0.656,0.977,0.497,0.755,0.995,0.917,0.963,0.993,0.791,0.834,0.584,0.534,0.528,0.803,0.539,0.511,0.986,0.464,0.174,0.373,0.293,0.322,0.197,0.009,0.472,MMA
0.508,0.998,0.844,0.958,0.868,0.857,0.673,0.457,0.517,0.728,0.329,0.622,0.943,0.567,0.758,0.626,0.918,0.81,0.495,0.613,0.54,0.972,0.423,0.615,0.916,0.928,0.996,0.658,0.762,0.722,0.784,0.613,0.728,0.734,0.258,0.272,0.671,0.482,0.052,0.654,0.01,0.284,CS
0.953,0.513,0.821,0.475,0.52,0.523,0.833,0.651,0.818,0.328,0.946,0.576,0.919,0.581,0.816,0.77,0.423,0.68,0.472,0.471,0.534,0.374,0.455,0.416,0.881,0.403,0.652,0.798,0.902,0.937,0.844,0.861,0.328,0.423,0.498,0.418,0.054,0.537,0.468,0.322,0.173,0.036,IT
0.797,0.995,0.943,0.312,0.647,0.502,0.783,0.804,0.805,0.456,0.96,0.747,0.466,0.526,0.58,0.921,0.584,0.66,0.334,0.499,0.442,0.709,0.744,0.77,0.313,0.374,0.315,0.408,0.353,0.409,0.694,0.663,0.456,0.522,0.445,0.101,0.04,0.379,0.287,0.238,0.289,0.186,IT
0.815,0.49,0.751,0.428,0.45,0.397,0.983,0.992,1.0,0.74,0.664,0.796,0.787,0.961,0.837,0.534,0.898,0.646,0.962,0.655,0.894,0.536,0.801,0.665,0.739,0.653,0.789,0.784,0.476,0.712,0.661,0.861,0.74,0.749,0.07,0.259,0.336,0.272,0.108,0.144,0.033,0.714,MMA
0.5,0.481,0.575,0.864,0.399,0.685,0.939,0.355,0.712,0.683,0.768,0.724,0.788,0.324,0.609,0.323,0.619,0.401,0.877,0.52,0.689,0.6,0.841,0.717,0.852,0.351,0.54,0.686,0.963,0.739,0.556,0.708,0.683,0.738,0.528,0.582,0.232,0.32,0.025,0.097,0.586,0.291,CE
0.878,0.35,0.553,0.51,0.739,0.661,0.387,0.961,0.642,0.799,0.667,0.678,0.892,0.873,0.862,0.712,0.48,0.634,0.516,0.891,0.647,0.31,0.488,0.337,0.656,0.443,0.602,0.469,0.795,0.648,0.802,0.578,0.799,0.413,0.324,0.344,0.333,0.31,0.253,0.543,0.12,0.084,IT
0.571,0.827,0.79,0.316,0.677,0.44,0.691,0.627,0.674,0.686,0.972,0.839,0.892,0.524,0.696,0.629,0.495,0.538,0.719,0.706,0.74,0.546,0.521,0.556,0.393,0.477,0.343,0.351,0.47,0.315,0.76,0.538,0.686,0.633,0.49,0.273,0.028,0.387,0.142,0.537,0.032,0.289,CS
0.939,0.854,0.858,0.947,0.531,0.654,0.996,0.909,0.946,0.766,0.77,0.707,0.44,0.629,0.617,0.307,0.848,0.489,0.635,0.747,0.728,0.341,0.593,0.484,0.346,0.395,0.403,0.665,0.413,0.546,0.374,0.867,0.766,0.488,0.262,0.119,0.23,0.33,0.685,0.004,0.289,0.021,CE
0.305,0.405,0.34,0.862,0.497,0.705,0.588,0.464,0.529,0.858,0.883,0.94,0.537,0.855,0.639,0.817,0.964,0.793,0.608,0.753,0.721,0.423,0.981,0.725,0.415,0.314,0.421,0.356,0.399,0.392,0.677,0.416,0.858,0.516,0.091,0.566,0.117,0.133,0.227,0.285,0.123,0.365,CE
0.982,0.49,0.777,0.95,0.78,0.901,0.457,0.675,0.578,0.79,0.998,0.801,0.346,0.355,0.399,0.395,0.736,0.531,0.62,0.451,0.609,0.71,0.961,0.851,0.387,0.42,0.501,0.808,0.334,0.612,0.37,0.749,0.79,0.665,0.454,0.418,0.002,0.294,0.183,0.127,0.058,0.632,MMA
0.345,0.503,0.385,0.413,0.656,0.437,0.511,0.954,0.694,0.552,0.631,0.604,0.866,0.433,0.724,0.83,0.806,0.735,0.315,0.716,0.588,0.709,0.449,0.497,0.79,0.805,0.732,0.32,0.586,0.469,0.848,0.392,0.552,0.512,0.38,0.272,0.369,0.418,0.31,0.421,0.239,0.03,IT
0.778,0.989,0.964,0.91,0.512,0.761,0.896,0.775,0.785,0.968,0.616,0.718,0.377,0.753,0.553,0.366,0.818,0.652,0.808,0.442,0.663,0.308,0.514,0.39,0.885,0.573,0.631,0.547,0.649,0.688,0.372,0.74,0.968,0.558,0.215,0.118,0.384,0.522,0.829,0.058,0.06,0.052,CE
0.852,0.304,0.504,0.677,0.473,0.493,0.552,0.492,0.524,0.985,0.387,0.661,0.952,0.914,0.912,0.789,0.361,0.618,0.981,0.676,0.828,0.431,0.744,0.605,0.756,0.318,0.547,0.716,0.445,0.523,0.87,0.707,0.985,0.706,0.363,0.602,0.613,0.29,0.074,0.285,0.213,0.428,CE
0.507,0.938,0.771,0.577,0.367,0.423,0.97,0.517,0.709,0.433,0.865,0.604,0.531,0.59,0.547,0.588,0.653,0.683,0.873,0.859,0.786,0.86,0.384,0.547,0.964,0.874,0.929,0.912,0.993,0.975,0.56,0.796,0.433,0.866,0.379,0.272,0.135,0.379,0.339,0.501,0.094,0.065,CS
0.832,0.541,0.614,0.52,0.551,0.629,0.789,0.672,0.824,0.932,0.658,0.876,0.583,0.461,0.469,0.764,0.651,0.739,0.78,0.316,0.459,0.673,0.434,0.58,0.687,0.71,0.659,0.748,0.881,0.914,0.674,0.79,0.932,0.726,0.444,0.393,0.342,0.625,0.456,0.204,0.054,0.286,IT
0.956,0.448,0.654,0.404,0.816,0.591,0.344,0.912,0.64,0.532,0.541,0.494,0.619,0.536,0.587,0.841,0.772,0.766,0.67,0.888,0.693,0.355,0.689,0.55,0.448,0.822,0.664,0.946,0.418,0.733,0.73,0.749,0.532,0.512,0.346,0.32,0.459,0.212,0.039,0.376,0.362,0.222,CS
0.891,0.303,0.601,0.452,0.82,0.545,0.882,0.887,0.951,0.407,0.741,0.477,0.894,0.806,0.856,0.811,0.366,0.594,0.504,0.981,0.814,0.813,0.954,0.853,0.931,0.528,0.776,0.815,0.313,0.536,0.852,0.863,0.407,0.658,0.414,0.405,0.259,0.032,0.003,0.862,0.019,0.116,CS
0.853,0.441,0.644,0.725,0.412,0.624,0.51,0.448,0.49,0.587,0.944,0.842,0.638,0.551,0.56,0.487,0.681,0.645,0.518,0.433,0.47,0.348,0.791,0.573,0.647,0.51,0.66,0.363,0.909,0.611,0.562,0.575,0.587,0.433,0.384,0.556,0.056,0.388,0.399,0.245,0.021,0.335,IT
0.778,0.323,0.477,0.745,0.764,0.804,0.804,0.762,0.836,0.703,0.483,0.675,0.313,0.557,0.48,0.599,0.317,0.371,0.754,0.975,0.875,0.655,0.523,0.54,0.315,0.491,0.393,0.439,0.361,0.443,0.456,0.674,0.703,0.704,0.563,0.458,0.517,0.251,0.373,0.458,0.16,0.009,CS
0.819,0.377,0.632,0.846,0.808,0.917,0.817,0.785,0.753,0.947,0.426,0.767,0.519,0.391,0.52,0.302,0.882,0.545,0.919,0.784,0.885,0.556,0.342,0.515,0.42,0.561,0.51,0.638,0.439,0.466,0.41,0.758,0.947,0.738,0.363,0.419,0.574,0.437,0.022,0.336,0.005,0.637,MMA
0.439,0.377,0.423,0.356,0.722,0.609,0.334,0.86,0.576,0.412,0.423,0.501,0.377,0.907,0.651,0.327,0.625,0.54,0.808,0.642,0.797,0.384,0.937,0.73,0.796,0.873,0.843,0.773,0.692,0.704,0.352,0.515,0.412,0.596,0.234,0.381,0.577,0.21,0.411,0.145,0.283,0.161,MMA
0.386,0.525,0.526,0.567,0.824,0.63,0.597,0.38,0.416,0.732,0.725,0.671,0.632,0.904,0.703,0.313,0.756,0.446,0.986,0.727,0.85,0.601,0.701,0.569,0.951,0.738,0.781,0.694,0.393,0.447,0.473,0.559,0.732,0.794,0.17,0.548,0.275,0.286,0.319,0.335,0.281,0.065,CE
0.722,0.34,0.553,0.688,0.759,0.802,0.895,0.986,1.0,0.841,0.969,0.979,0.809,0.353,0.491,0.886,0.643,0.827,0.519,0.578,0.589,0.941,0.361,0.723,0.855,0.521,0.659,0.333,0.311,0.317,0.848,0.65,0.841,0.73,0.502,0.337,0.031,0.53,0.033,0.071,0.617,0.279,CE
0.744,0.431,0.653,0.908,0.666,0.869,0.891,0.812,0.898,0.374,0.49,0.345,0.306,0.411,0.435,0.468,0.979,0.743,0.466,0.648,0.501,0.989,0.893,0.846,0.963,0.805,0.801,0.769,0.753,0.705,0.387,0.801,0.374,0.728,0.305,0.378,0.51,0.23,0.648,0.042,0.306,0.005,CS
0.978,0.826,0.834,0.539,0.412,0.529,0.341,0.888,0.703,0.774,0.449,0.583,0.634,0.723,0.712,0.688,0.546,0.695,0.357,0.626,0.547,0.343,0.794,0.632,0.763,0.309,0.472,0.539,0.464,0.594,0.661,0.619,0.774,0.35,0.365,0.143,0.551,0.29,0.195,0.065,0.491,0.249,CE
0.499,0.565,0.472,0.98,0.662,0.9,0.543,0.903,0.633,0.987,0.938,0.936,0.842,0.827,0.915,0.515,0.626,0.643,0.845,0.575,0.779,0.333,0.847,0.532,0.5,0.645,0.563,0.664,0.681,0.639,0.678,0.569,0.987,0.589,0.274,0.266,0.062,0.289,0.067,0.51,0.178,0.245,CE
0.751,0.937,0.886,0.332,0.887,0.707,0.631,0.979,0.814,0.622,0.532,0.608,0.461,0.373,0.323,0.505,0.577,0.551,0.505,0.989,0.705,0.609,0.372,0.443,0.334,0.692,0.563,0.437,0.558,0.401,0.483,0.606,0.622,0.557,0.525,0.042,0.468,0.32,0.474,0.392,0.017,0.118,CS
0.969,0.574,0.777,0.549,0.717,0.729,0.998,0.842,0.901,0.646,0.55,0.695,0.795,0.614,0.607,0.664,0.989,0.831,0.428,0.315,0.343,0.943,0.998,1.0,0.811,0.691,0.769,0.677,0.795,0.72,0.73,0.881,0.646,0.686,0.198,0.292,0.45,0.344,0.33,0.039,0.092,0.539,MMA
0.933,0.677,0.711,0.949,0.791,0.853,0.719,0.601,0.653,0.921,0.413,0.587,0.302,0.52,0.34,0.454,0.308,0.326,0.533,0.322,0.449,0.698,0.368,0.552,0.999,0.961,0.881,0.857,0.548,0.615,0.378,0.836,0.921,0.615,0.586,0.361,0.587,0.655,0.137,0.152,0.289,0.422,CE
0.824,0.472,0.613,0.516,0.554,0.635,0.845,0.982,0.952,0.584,0.573,0.576,0.592,0.88,0.729,0.507,0.842,0.746,0.594,0.767,0.593,0.671,0.331,0.407,0.729,0.512,0.669,0.927,0.398,0.707,0.55,0.865,0.584,0.633,0.139,0.273,0.427,0.451,0.255,0.042,0.372,0.332,CS
0.661,0.949,0.809,0.993,0.656,0.748,0.629,0.428,0.548,0.785,0.628,0.626,0.628,0.357,0.529,0.853,0.974,0.843,0.673,0.697,0.769,0.739,0.402,0.558,0.758,0.79,0.847,0.426,0.966,0.608,0.74,0.572,0.785,0.706,0.334,0.312,0.372,0.45,0.486,0.23,0.127,0.157,IT
0.351,0.329,0.26,0.361,0.683,0.465,0.902,0.612,0.796,0.757,0.524,0.589,0.54,0.858,0.716,0.477,0.872,0.586,0.789,0.607,0.745,0.949,0.825,0.876,0.406,0.864,0.627,0.353,0.803,0.536,0.508,0.535,0.757,0.869,0.135,0.53,0.476,0.284,0.015,0.691,0.196,0.098,CS
0.801,0.92,0.761,0.781,0.837,0.751,0.643,0.363,0.552,0.893,0.376,0.698,0.84,0.543,0.73,0.3,0.952,0.636,0.734,0.765,0.762,0.9,0.727,0.895,0.708,0.42,0.646,0.777,0.789,0.88,0.57,0.74,0.893,0.817,0.252,0.359,0.624,0.254,0.041,0.294,0.143,0.522,MMA
0.865,0.976,0.912,0.85,0.942,0.933,0.47,0.725,0.692,0.991,0.75,0.948,0.44,0.472,0.547,0.395,0.434,0.398,0.713,0.723,0.676,0.944,0.941,0.921,0.604,0.792,0.73,0.568,0.59,0.548,0.418,0.634,0.991,0.828,0.547,0.149,0.25,0.168,0.079,0.18,0.342,0.399,CE
0.845,0.562,0.757,0.305,0.634,0.528,0.741,0.632,0.715,0.935,0.696,0.876,0.987,0.794,0.905,0.326,0.562,0.457,0.858,0.607,0.824,0.49,0.821,0.64,0.64,0.862,0.71,0.368,0.664,0.522,0.656,0.651,0.935,0.674,0.322,0.403,0.304,0.286,0.266,0.575,0.009,0.149,CS
0.777,0.99,0.972,0.799,0.665,0.664,0.569,0.71,0.684,0.745,0.8,0.758,0.809,0.401,0.537,0.414,0.924,0.584,0.861,0.463,0.656,0.941,0.71,0.768,0.499,0.944,0.707,0.711,0.622,0.642,0.612,0.686,0.745,0.901,0.337,0.15,0.2,0.414,0.084,0.386,0.422,0.107,CE
0.852,0.898,0.959,0.413,0.513,0.535,0.439,0.302,0.445,0.529,0.59,0.549,0.894,0.537,0.794,0.732,0.669,0.666,0.471,0.737,0.593,0.937,0.644,0.793,0.592,0.852,0.707,0.489,0.903,0.715,0.813,0.593,0.529,0.704,0.397,0.4,0.41,0.31,0.257,0.271,0.364,0.108,IT
0.324,0.867,0.521,0.805,0.358,0.557,0.344,0.666,0.535,0.42,0.56,0.576,0.61,0.862,0.821,0.982,0.929,0.919,0.974,0.869,0.989,0.311,0.968,0.695,0.838,0.357,0.544,0.974,0.65,0.792,0.796,0.547,0.42,0.642,0.105,0.234,0.44,0.082,0.624,0.031,0.184,0.161,IT
0.545,0.515,0.472,0.421,0.748,0.669,0.656,0.509,0.514,0.881,0.98,0.9,0.504,0.721,0.667,0.619,0.741,0.723,0.972,0.416,0.793,0.575,0.806,0.705,0.641,0.789,0.694,0.388,0.642,0.52,0.562,0.53,0.881,0.774,0.269,0.488,0.02,0.389,0.06,0.731,0.069,0.14,CS
0.408,0.675,0.503,0.642,0.457,0.461,0.845,0.749,0.765,0.333,0.906,0.554,0.952,0.635,0.761,0.819,0.914,0.841,0.585,0.603,0.679,0.785,0.473,0.566,0.461,0.484,0.419,0.761,0.381,0.549,0.886,0.671,0.333,0.685,0.226,0.288,0.094,0.462,0.664,0.233,0.046,0.058,IT
0.388,0.885,0.668,0.345,0.574,0.415,0.705,0.666,0.682,0.52,0.396,0.507,0.916,0.961,0.85,0.818,0.809,0.903,0.477,0.82,0.559,0.742,0.546,0.698,0.904,0.555,0.735,0.382,0.592,0.459,0.867,0.492,0.52,0.609,0.115,0.224,0.604,0.317,0.056,0.621,0.044,0.279,CS
0.923,0.938,0.989,0.423,0.872,0.603,0.946,0.796,0.928,0.36,0.708,0.598,0.903,0.32,0.699,0.33,0.73,0.569,0.375,0.334,0.411,0.569,0.375,0.525,0.894,0.711,0.735,0.311,0.791,0.561,0.616,0.727,0.36,0.472,0.475,0.133,0.292,0.646,0.307,0.489,0.166,0.039,CS
0.958,0.682,0.843,0.953,0.952,0.967,0.508,0.998,0.789,0.586,0.692,0.622,0.922,0.638,0.844,0.888,0.877,0.927,0.898,0.571,0.658,0.89,0.649,0.695,0.381,0.411,0.446,0.798,0.443,0.69,0.905,0.755,0.586,0.894,0.242,0.16,0.308,0.39,0.085,0.405,0.172,0.338,MMA
0.567,0.543,0.623,0.325,0.982,0.683,0.603,0.74,0.596,0.66,0.99,0.772,0.806,0.604,0.736,0.443,0.629,0.632,0.437,0.746,0.606,0.696,0.731,0.714,0.312,0.93,0.686,0.422,0.589,0.56,0.624,0.531,0.66,0.566,0.383,0.359,0.01,0.262,0.416,0.321,0.244,0.018,IT
0.94,0.915,0.903,0.576,0.622,0.63,0.483,0.316,0.328,0.608,0.497,0.606,0.375,0.942,0.738,0.936,0.818,0.798,0.607,0.392,0.597,0.533,0.71,0.677,0.944,0.829,0.922,0.626,0.724,0.594,0.656,0.683,0.608,0.57,0.12,0.384,0.503,0.449,0.391,0.143,0.007,0.459,IT
0.643,0.908,0.847,0.871,0.343,0.556,0.913,0.929,0.913,0.608,0.423,0.609,0.449,0.434,0.474,0.47,0.957,0.616,0.304,0.653,0.476,0.414,0.646,0.513,0.923,0.306,0.71,0.737,0.406,0.481,0.46,0.764,0.608,0.359,0.304,0.081,0.577,0.351,0.46,0.159,0.213,0.167,CS
0.755,0.687,0.637,0.669,0.854,0.677,0.923,0.705,0.904,0.404,0.995,0.728,0.697,0.661,0.584,0.958,0.751,0.773,0.315,0.336,0.347,0.73,0.65,0.651,0.672,0.661,0.571,0.498,0.337,0.498,0.827,0.725,0.404,0.522,0.294,0.304,0.005,0.507,0.139,0.596,0.039,0.226,CS
0.722,0.617,0.614,0.817,0.933,0.822,0.423,0.787,0.7,0.825,0.499,0.646,0.569,0.896,0.787,0.712,0.492,0.69,0.757,0.979,0.884,0.875,0.869,0.839,0.975,0.315,0.699,0.976,0.537,0.786,0.64,0.707,0.825,0.816,0.306,0.298,0.501,0.076,0.159,0.276,0.387,0.178,CE
0.871,0.519,0.641,0.601,0.774,0.625,0.776,0.576,0.735,0.326,0.768,0.577,0.959,0.799,0.938,0.933,0.773,0.811,0.909,0.823,0.851,0.797,0.907,0.948,0.967,0.528,0.732,0.377,0.473,0.501,0.946,0.675,0.326,0.853,0.214,0.452,0.232,0.135,0.111,0.24,0.272,0.377,MMA
0.428,0.513,0.46,0.555,0.988,0.839,0.636,0.915,0.745,0.85,0.457,0.708,0.62,0.375,0.452,0.582,0.825,0.618,0.762,0.801,0.812,0.832,0.425,0.646,0.959,0.728,0.865,0.816,0.533,0.714,0.601,0.627,0.85,0.797,0.4,0.286,0.543,0.387,0.519,0.002,0.427,0.052,CE
0.619,0.897,0.823,0.924,0.958,0.931,0.759,0.573,0.637,0.602,0.82,0.711,0.87,0.822,0.75,0.741,0.606,0.665,0.873,0.683,0.855,0.799,0.687,0.794,0.327,0.319,0.24,0.606,0.465,0.632,0.806,0.661,0.602,0.836,0.286,0.265,0.18,0.315,0.303,0.42,0.127,0.15,IT
0.535,0.789,0.657,0.662,0.714,0.742,0.363,0.844,0.616,0.768,0.529,0.631,0.462,0.986,0.723,0.997,0.643,0.764,0.655,0.328,0.572,0.873,0.808,0.862,0.706,0.998,0.807,0.846,0.707,0.872,0.73,0.581,0.768,0.764,0.186,0.184,0.471,0.432,0.187,0.694,0.094,0.024,CS
0.653,0.798,0.78,0.3,0.654,0.424,0.912,0.407,0.693,0.486,0.55,0.606,0.468,0.367,0.331,0.653,0.749,0.667,0.783,0.343,0.634,0.872,0.99,1.0,0.549,0.579,0.614,0.394,0.52,0.381,0.56,0.653,0.486,0.828,0.442,0.397,0.45,0.334,0.362,0.48,0.142,0.016,CS
0.804,0.314,0.653,0.455,0.765,0.597,0.342,0.631,0.49,0.898,0.813,0.771,0.446,0.518,0.406,0.62,0.989,0.807,0.819,0.778,0.869,0.451,0.828,0.716,0.42,0.543,0.575,0.847,0.498,0.685,0.533,0.664,0.898,0.635,0.246,0.528,0.187,0.197,0.265,0.344,0.224,0.167,CE
0.772,0.845,0.883,0.409,0.876,0.593,0.599,0.931,0.756,0.438,0.412,0.42,0.834,0.998,0.973,0.914,0.823,0.948,0.353,0.951,0.631,0.945,0.353,0.692,0.815,0.998,0.96,0.568,0.69,0.602,0.874,0.646,0.438,0.649,0.09,0.112,0.588,0.348,0.141,0.184,0.162,0.513,MMA
0.934,0.939,0.848,0.356,0.472,0.365,0.366,0.572,0.487,0.705,0.68,0.66,0.795,0.879,0.806,0.36,0.507,0.361,0.627,0.409,0.511,0.455,0.817,0.541,0.688,0.419,0.454,0.908,0.77,0.759,0.578,0.736,0.705,0.541,0.307,0.245,0.32,0.387,0.339,0.294,0.199,0.169,CS
0.921,0.472,0.676,0.53,0.84,0.768,0.895,0.858,0.974,0.788,0.826,0.903,0.305,0.744,0.572,0.942,0.919,0.999,0.962,0.676,0.72,0.308,0.681,0.482,0.616,0.58,0.682,0.551,0.899,0.806,0.624,0.789,0.788,0.635,0.168,0.335,0.174,0.321,0.175,0.15,0.363,0.312,CE
0.53,0.372,0.404,0.392,0.506,0.401,0.746,0.968,0.894,0.949,0.849,0.944,0.59,0.527,0.628,0.934,0.616,0.677,0.855,0.5,0.579,0.863,0.662,0.8,0.94,0.679,0.81,0.503,0.514,0.568,0.762,0.593,0.949,0.859,0.428,0.33,0.151,0.419,0.394,0.118,0.066,0.423,MMA
0.625,0.757,0.686,0.4,0.655,0.609,0.412,0.783,0.616,0.824,0.405,0.703,0.735,0.893,0.763,0.818,0.847,0.812,0.569,0.76,0.583,0.815,0.33,0.511,0.765,0.369,0.661,0.908,0.738,0.887,0.776,0.648,0.824,0.692,0.13,0.23,0.595,0.455,0.476,0.065,0.412,0.047,CE
0.589,0.691,0.683,0.321,0.503,0.434,0.55,0.843,0.727,0.464,0.402,0.459,0.615,0.418,0.482,0.512,0.376,0.453,0.835,0.703,0.834,0.389,0.605,0.519,0.773,0.787,0.826,0.756,0.366,0.6,0.564,0.632,0.464,0.612,0.603,0.233,0.598,0.346,0.149,0.581,0.136,0.134,CS
0.66,0.908,0.883,0.845,0.729,0.703,0.809,0.796,0.857,0.387,0.758,0.532,0.832,0.468,0.687,0.506,0.306,0.433,0.379,0.762,0.656,0.978,0.465,0.784,0.547,0.93,0.796,0.352,0.585,0.436,0.669,0.607,0.387,0.678,0.613,0.148,0.242,0.386,0.371,0.127,0.279,0.223,IT
0.983,0.956,0.955,0.807,0.881,0.923,0.348,0.511,0.394,0.604,0.418,0.511,0.764,0.648,0.739,0.347,0.913,0.718,0.733,0.917,0.751,0.858,0.383,0.602,0.527,0.71,0.579,0.746,0.557,0.724,0.556,0.692,0.604,0.796,0.22,0.266,0.582,0.35,0.284,0.069,0.116,0.532,MMA
0.571,0.675,0.653,0.543,0.506,0.52,0.45,0.499,0.387,0.513,0.524,0.611,0.713,0.851,0.691,0.375,0.87,0.647,0.434,0.583,0.516,0.891,0.342,0.636,0.802,0.985,0.955,0.493,0.797,0.698,0.544,0.505,0.513,0.662,0.139,0.413,0.476,0.538,0.239,0.314,0.428,0.019,CE
0.373,0.857,0.566,0.341,0.581,0.525,0.389,0.77,0.48,0.377,0.546,0.378,0.892,0.905,0.95,0.47,0.666,0.505,0.497,0.661,0.626,0.366,0.508,0.522,0.6,0.957,0.877,0.669,0.502,0.643,0.681,0.477,0.377,0.432,0.214,0.186,0.454,0.416,0.068,0.113,0.598,0.221,CE
0.441,0.756,0.645,0.388,0.494,0.385,0.566,0.834,0.743,0.764,0.304,0.463,0.456,0.49,0.403,0.587,0.353,0.52,0.851,0.702,0.695,0.923,0.976,0.89,0.793,0.889,0.849,0.526,0.635,0.583,0.522,0.511,0.764,0.887,0.578,0.205,0.696,0.161,0.106,0.553,0.283,0.057,CE
0.71,0.782,0.674,0.551,0.934,0.756,0.452,0.386,0.423,0.683,0.534,0.635,0.348,0.402,0.384,0.343,0.917,0.558,0.772,0.574,0.653,0.835,0.65,0.788,0.654,0.715,0.736,0.725,0.731,0.786,0.346,0.629,0.683,0.804,0.34,0.416,0.466,0.388,0.677,0.107,0.196,0.02,MMA
0.551,0.588,0.637,0.659,0.812,0.639,0.625,0.931,0.723,0.322,0.603,0.504,0.618,0.622,0.654,0.478,0.826,0.583,0.577,0.759,0.734,0.854,0.805,0.801,0.386,0.452,0.492,0.9,0.966,0.848,0.548,0.692,0.322,0.716,0.276,0.24,0.397,0.218,0.188,0.256,0.303,0.253,MMA
0.839,0.552,0.631,0.443,0.308,0.346,0.364,0.525,0.47,0.926,0.888,0.857,0.394,0.435,0.509,0.685,0.428,0.624,0.577,0.929,0.705,0.575,0.653,0.693,0.908,0.702,0.749,0.582,0.983,0.804,0.54,0.595,0.926,0.576,0.568,0.462,0.112,0.209,0.442,0.174,0.221,0.163,CE
0.792,0.896,0.846,0.637,0.538,0.523,0.957,0.521,0.8,0.801,0.854,0.915,0.736,0.929,0.766,0.739,0.841,0.744,0.819,0.845,0.898,0.519,0.777,0.609,0.817,0.624,0.74,0.591,0.413,0.438,0.738,0.78,0.801,0.669,0.115,0.292,0.146,0.189,0.027,0.326,0.64,0.007,CE
0.346,0.62,0.531,0.41,0.49,0.397,0.579,0.457,0.489,0.81,0.728,0.685,0.746,0.634,0.777,0.503,0.808,0.702,0.455,0.932,0.692,0.775,0.402,0.54,0.71,0.523,0.617,0.562,0.748,0.653,0.624,0.496,0.81,0.615,0.279,0.462,0.272,0.333,0.002,0.519,0.271,0.207,CE
0.366,0.454,0.355,0.955,0.603,0.687,0.397,0.355,0.394,0.431,0.649,0.514,0.863,0.524,0.685,0.805,0.603,0.763,0.763,0.587,0.676,0.977,0.763,0.951,0.425,0.638,0.613,0.526,0.977,0.671,0.834,0.43,0.431,0.87,0.436,0.596,0.351,0.325,0.456,0.115,0.015,0.414,MMA
0.476,0.316,0.323,0.761,0.984,0.795,0.623,0.426,0.574,0.383,0.468,0.365,0.687,0.911,0.801,0.341,0.694,0.577,0.393,0.351,0.309,0.822,0.714,0.776,0.475,0.533,0.597,0.468,0.931,0.716,0.514,0.522,0.383,0.607,0.198,0.629,0.532,0.468,0.031,0.147,0.695,0.127,CE
0.904,0.48,0.706,0.891,0.944,0.915,0.748,0.302,0.476,0.495,0.365,0.386,0.525,0.978,0.785,0.598,0.992,0.726,0.633,0.753,0.604,0.802,0.37,0.514,0.412,0.95,0.718,0.759,0.689,0.682,0.562,0.804,0.495,0.718,0.015,0.609,0.635,0.438,0.343,0.187,0.056,0.414,MMA
0.391,0.433,0.476,0.762,0.742,0.736,0.577,0.783,0.728,0.657,0.978,0.909,0.589,0.874,0.74,0.658,0.338,0.513,0.93,0.846,0.946,0.412,0.551,0.428,0.521,0.706,0.586,0.692,0.607,0.607,0.624,0.553,0.657,0.671,0.394,0.392,0.022,0.302,0.043,0.952,0.005,0.001,CS
0.879,0.998,0.984,0.311,0.459,0.479,0.866,0.697,0.729,0.31,0.315,0.335,0.315,0.996,0.592,0.797,0.409,0.611,0.356,0.837,0.614,0.36,0.894,0.637,0.945,0.942,1.0,0.354,0.385,0.467,0.556,0.7,0.31,0.358,0.298,0.153,0.685,0.135,0.246,0.1,0.541,0.113,CS
0.809,0.886,0.904,0.492,0.581,0.519,0.644,0.417,0.521,0.658,0.672,0.729,0.662,0.462,0.594,0.858,0.524,0.72,0.403,0.539,0.553,0.938,0.703,0.861,0.898,0.971,0.932,0.693,0.591,0.556,0.76,0.715,0.658,0.67,0.507,0.349,0.328,0.379,0.092,0.262,0.273,0.373,MMA
0.336,0.669,0.424,0.441,0.93,0.685,0.831,0.345,0.571,0.772,0.393,0.548,0.345,0.756,0.645,0.879,0.982,1.0,0.899,0.704,0.805,0.584,0.873,0.665,0.339,0.964,0.552,0.984,0.81,0.863,0.612,0.717,0.772,0.742,0.131,0.493,0.607,0.212,0.257,0.366,0.06,0.317,CS
0.863,0.475,0.577,0.443,0.44,0.355,0.808,0.566,0.764,0.477,0.617,0.575,0.914,0.667,0.765,0.907,0.517,0.628,0.612,0.85,0.637,0.71,0.716,0.799,0.501,0.495,0.486,0.55,0.815,0.711,0.911,0.74,0.477,0.661,0.408,0.48,0.383,0.217,0.227,0.274,0.409,0.09,IT
0.989,0.451,0.763,0.674,0.872,0.768,0.849,0.951,0.946,0.843,0.347,0.536,0.982,0.785,0.896,0.557,0.331,0.418,0.649,0.448,0.483,0.656,0.71,0.631,0.711,0.93,0.815,0.9,0.949,0.843,0.77,0.913,0.843,0.653,0.442,0.299,0.653,0.421,0.046,0.295,0.405,0.254,CE
0.529,0.749,0.539,0.978,0.462,0.803,0.376,0.467,0.368,0.997,0.303,0.678,0.909,0.771,0.812,0.971,0.925,0.935,0.701,0.977,0.936,0.615,0.893,0.714,0.56,0.415,0.43,0.76,0.658,0.655,0.94,0.555,0.997,0.658,0.152,0.392,0.697,0.065,0.071,0.064,0.601,0.264,CE
0.572,0.94,0.724,0.768,0.977,0.85,0.776,0.507,0.595,0.702,0.985,0.834,0.956,0.94,0.899,0.581,0.75,0.669,0.367,0.996,0.732,0.606,0.733,0.587,0.647,0.952,0.878,0.536,0.672,0.644,0.768,0.628,0.702,0.486,0.155,0.276,0.015,0.135,0.197,0.032,0.334,0.437,CE
0.304,0.367,0.277,0.544,0.679,0.57,0.493,0.909,0.63,0.647,0.967,0.832,0.802,0.602,0.606,0.752,0.742,0.669,0.624,0.941,0.723,0.623,0.623,0.685,0.877,0.831,0.827,0.35,0.545,0.483,0.777,0.382,0.647,0.624,0.328,0.362,0.033,0.218,0.197,0.543,0.098,0.162,IT
0.677,0.405,0.534,0.681,0.966,0.797,0.986,0.68,0.781,0.434,0.399,0.407,0.315,0.612,0.561,0.769,0.832,0.724,0.631,0.5,0.645,0.427,0.621,0.542,0.66,0.881,0.717,0.564,0.854,0.715,0.542,0.742,0.434,0.529,0.278,0.458,0.601,0.44,0.093,0.005,0.253,0.648,MMA
0.734,0.9,0.82,0.462,0.31,0.417,0.645,0.847,0.785,0.992,0.657,0.81,0.501,0.634,0.642,0.33,0.985,0.756,0.718,0.532,0.57,0.494,0.335,0.409,0.34,0.803,0.546,0.44,0.681,0.655,0.416,0.606,0.992,0.606,0.19,0.127,0.343,0.566,0.253,0.144,0.319,0.284,CE
0.924,0.443,0.756,0.511,0.959,0.691,0.949,0.975,0.891,0.982,0.36,0.615,0.611,0.996,0.801,0.685,0.786,0.829,0.848,0.457,0.613,0.368,0.751,0.496,0.48,0.922,0.666,0.697,0.578,0.552,0.648,0.857,0.982,0.608,0.109,0.291,0.64,0.396,0.124,0.145,0.623,0.108,CE
0.565,0.848,0.759,0.859,0.968,0.972,0.585,0.875,0.732,0.494,0.512,0.448,0.401,0.429,0.328,0.922,0.952,0.954,0.888,0.428,0.739,0.654,0.347,0.429,0.516,0.33,0.385,0.342,0.465,0.357,0.662,0.497,0.494,0.771,0.31,0.139,0.488,0.612,0.753,0.039,0.04,0.169,IT
0.902,0.571,0.811,0.538,0.438,0.454,0.727,0.557,0.676,0.466,0.791,0.598,0.619,0.69,0.692,0.467,0.885,0.72,0.464,0.982,0.756,0.617,0.41,0.52,0.415,0.601,0.49,0.804,0.435,0.684,0.543,0.811,0.466,0.54,0.213,0.436,0.209,0.304,0.115,0.17,0.43,0.285,CS
0.516,0.57,0.504,0.716,0.533,0.67,0.706,0.402,0.516,0.455,0.573,0.517,0.655,0.828,0.679,0.963,0.54,0.711,0.78,0.864,0.797,0.823,0.919,0.924,0.324,0.879,0.656,0.769,0.832,0.896,0.809,0.664,0.455,0.802,0.316,0.514,0.427,0.109,0.434,0.054,0.476,0.037,IT
0.506,0.711,0.57,0.78,0.875,0.812,0.93,0.356,0.711,0.88,0.525,0.662,0.514,0.868,0.757,0.531,0.715,0.551,0.628,0.999,0.745,0.963,0.877,1.0,0.426,0.449,0.341,0.807,0.751,0.715,0.522,0.748,0.88,0.796,0.209,0.466,0.475,0.062,0.599,0.136,0.055,0.21,MMA
0.364,0.484,0.398,0.896,0.855,0.864,0.807,0.698,0.721,0.808,0.778,0.817,0.733,0.778,0.732,0.908,0.414,0.738,0.54,0.388,0.484,0.563,0.871,0.703,0.768,0.516,0.584,0.572,0.725,0.68,0.82,0.581,0.808,0.552,0.404,0.409,0.222,0.371,0.094,0.484,0.128,0.293,CS
0.383,0.343,0.325,0.396,0.668,0.536,0.703,0.822,0.856,0.915,0.383,0.617,0.479,0.424,0.46,0.687,0.459,0.616,0.813,0.315,0.543,0.923,0.664,0.763,0.478,0.47,0.394,0.872,0.361,0.575,0.583,0.653,0.915,0.868,0.558,0.418,0.617,0.51,0.024,0.77,0.02,0.187,CS
0.701,0.587,0.6,0.493,0.858,0.77,0.544,0.327,0.343,0.831,0.687,0.816,0.788,0.935,0.939,0.852,0.633,0.704,0.655,0.651,0.675,0.43,0.759,0.586,0.734,0.468,0.588,0.447,0.913,0.678,0.82,0.564,0.831,0.542,0.216,0.543,0.313,0.295,0.153,0.025,0.676,0.145,CE
0.993,0.674,0.791,0.76,0.493,0.691,0.516,0.992,0.775,0.891,0.351,0.591,0.816,0.759,0.726,0.549,0.484,0.54,0.541,0.516,0.47,0.586,0.437,0.604,0.408,0.939,0.659,0.565,0.462,0.54,0.682,0.691,0.891,0.564,0.379,0.167,0.649,0.524,0.266,0.145,0.013,0.576,MMA
0.986,0.602,0.817,0.615,0.525,0.486,0.619,0.873,0.649,0.707,0.917,0.756,0.428,0.841,0.585,0.434,0.565,0.478,0.912,0.733,0.804,0.674,0.968,0.744,0.445,0.974,0.801,0.424,0.402,0.397,0.431,0.676,0.707,0.793,0.297,0.262,0.083,0.149,0.041,0.848,0.064,0.048,CS
0.64,0.97,0.79,0.55,0.999,0.78,0.563,0.57,0.505,0.659,0.607,0.587,0.412,0.518,0.467,0.341,0.408,0.464,0.68,0.344,0.551,0.343,0.817,0.63,0.756,0.813,0.702,0.809,0.396,0.57,0.376,0.671,0.659,0.512,0.537,0.23,0.393,0.42,0.404,0.099,0.484,0.013,CE
0.634,0.344,0.515,0.355,0.423,0.341,0.824,0.415,0.689,0.392,0.325,0.338,0.986,0.377,0.602,0.826,0.519,0.716,0.44,0.622,0.484,0.616,0.838,0.78,0.661,0.95,0.758,0.468,0.73,0.623,0.906,0.642,0.392,0.528,0.552,0.62,0.675,0.27,0.017,0.331,0.166,0.486,IT
0.866,0.687,0.676,0.745,0.824,0.735,0.625,0.976,0.76,0.456,0.448,0.464,0.965,0.726,0.806,0.747,0.737,0.762,0.412,0.744,0.564,0.313,0.678,0.593,0.545,0.976,0.68,0.813,0.38,0.551,0.856,0.768,0.456,0.362,0.268,0.168,0.552,0.289,0.202,0.214,0.356,0.228,IT
0.716,0.939,0.818,0.458,0.413,0.415,0.799,0.33,0.49,0.374,0.71,0.491,0.416,0.715,0.618,0.533,0.705,0.538,0.955,0.536,0.845,0.985,0.845,0.819,0.68,0.361,0.6,0.853,0.981,0.938,0.475,0.789,0.374,0.97,0.29,0.366,0.29,0.31,0.285,0.282,0.189,0.244,MMA
0.745,0.953,0.868,0.9,0.904,0.906,0.543,0.748,0.635,0.357,0.564,0.56,0.334,0.788,0.629,0.754,0.699,0.768,0.601,0.364,0.575,0.603,0.766,0.69,0.338,0.967,0.711,0.404,0.987,0.743,0.544,0.564,0.357,0.602,0.256,0.149,0.436,0.435,0.254,0.375,0.045,0.326,MMA
0.352,0.681,0.527,0.912,0.808,0.81,0.922,0.701,0.833,0.418,0.9,0.746,0.842,0.959,0.861,0.903,0.642,0.705,0.768,0.779,0.731,0.319,0.44,0.36,0.417,0.436,0.405,0.973,0.835,0.868,0.872,0.749,0.418,0.544,0.2,0.309,0.1,0.39,0.571,0.196,0.115,0.119,IT
0.588,0.463,0.503,0.67,0.67,0.722,0.551,0.802,0.692,0.973,0.57,0.852,0.874,0.746,0.841,0.359,0.965,0.584,0.694,0.531,0.599,0.727,0.936,0.823,0.991,0.715,0.785,0.433,0.801,0.527,0.616,0.524,0.973,0.71,0.145,0.367,0.43,0.266,0.236,0.058,0.205,0.501,CE
0.621,0.414,0.468,0.557,0.349,0.47,0.725,0.344,0.515,0.59,0.534,0.573,0.542,0.591,0.626,0.413,0.733,0.575,0.514,0.809,0.672,0.634,0.767,0.761,0.981,0.741,0.936,0.301,0.671,0.429,0.478,0.549,0.59,0.574,0.338,0.621,0.466,0.212,0.036,0.275,0.497,0.192,CE
0.769,0.643,0.693,0.503,0.568,0.505,0.752,0.381,0.485,0.762,0.682,0.708,0.407,0.588,0.555,0.923,0.792,0.769,0.769,0.469,0.582,0.437,0.843,0.67,0.728,0.768,0.695,0.611,0.743,0.705,0.665,0.711,0.762,0.603,0.31,0.488,0.318,0.344,0.396,0.085,0.372,0.147,CE
0.769,0.619,0.784,0.426,0.773,0.614,0.421,0.346,0.443,0.41,0.431,0.516,0.802,0.475,0.657,0.674,0.891,0.828,0.882,0.448,0.693,0.328,0.348,0.381,0.317,0.706,0.58,0.566,0.331,0.491,0.738,0.585,0.41,0.605,0.317,0.518,0.569,0.602,0.526,0.25,0.171,0.052,IT
0.311,0.786,0.495,0.901,0.626,0.77,0.828,0.846,0.865,0.957,0.988,1.0,0.877,0.794,0.868,0.373,0.49,0.332,0.396,0.607,0.431,0.931,0.864,0.812,0.474,0.873,0.734,0.962,0.998,1.0,0.625,0.7,0.957,0.664,0.358,0.184,0.012,0.264,0.204,0.111,0.548,0.137,CE
0.864,0.674,0.828,0.493,0.656,0.587,0.96,0.487,0.811,0.863,0.812,0.895,0.724,0.471,0.535,0.906,0.808,0.8,0.731,0.613,0.604,0.672,0.497,0.504,0.627,0.713,0.579,0.581,0.48,0.437,0.815,0.802,0.863,0.702,0.361,0.42,0.188,0.445,0.064,0.071,0.096,0.77,MMA
0.608,0.403,0.425,0.509,0.859,0.656,0.412,0.583,0.508,0.321,0.739,0.509,0.307,0.772,0.582,0.74,0.539,0.646,0.571,0.79,0.697,0.357,0.75,0.591,0.559,0.913,0.805,0.423,0.933,0.666,0.524,0.481,0.321,0.464,0.344,0.507,0.261,0.23,0.308,0.402,0.168,0.122,CS
0.941,0.462,0.653,0.553,0.902,0.815,0.454,0.905,0.631,0.979,0.718,0.75,0.324,0.403,0.301,0.837,0.456,0.74,0.745,0.785,0.709,0.925,0.767,0.919,0.97,0.388,0.598,0.862,0.906,0.901,0.58,0.752,0.979,0.835,0.57,0.316,0.282,0.224,0.212,0.492,0.17,0.127,CE
0.642,0.451,0.543,0.97,0.888,1.0,0.864,0.548,0.769,0.946,0.963,0.991,0.448,0.328,0.317,0.976,0.623,0.871,0.626,0.763,0.599,0.475,0.605,0.566,0.42,0.835,0.601,0.872,0.369,0.656,0.712,0.793,0.946,0.55,0.524,0.5,0.037,0.316,0.098,0.448,0.145,0.309,CS
0.954,0.314,0.536,0.839,0.752,0.754,0.646,0.329,0.426,0.597,0.884,0.736,0.71,0.912,0.773,0.79,0.903,0.787,0.55,0.986,0.864,0.456,0.347,0.356,0.578,0.609,0.617,0.93,0.531,0.8,0.75,0.843,0.597,0.503,0.093,0.678,0.116,0.334,0.109,0.047,0.776,0.068,CE
0.575,0.928,0.7,0.794,0.512,0.562,0.69,0.884,0.769,0.732,0.93,0.889,0.436,0.813,0.625,0.822,0.646,0.66,0.699,0.644,0.675,0.915,0.926,0.912,0.619,0.661,0.644,0.965,0.755,0.815,0.629,0.743,0.732,0.807,0.27,0.094,0.07,0.215,0.208,0.271,0.28,0.241,MMA
0.424,0.324,0.342,0.599,0.343,0.534,0.541,0.94,0.671,0.34,0.638,0.427,0.956,0.307,0.614,0.949,0.569,0.678,0.512,0.649,0.517,0.627,0.885,0.831,0.334,0.413,0.329,0.716,0.553,0.703,0.952,0.56,0.34,0.57,0.562,0.368,0.362,0.233,0.511,0.043,0.397,0.049,IT
0.479,0.425,0.386,0.731,0.695,0.648,0.993,0.595,0.714,0.384,0.709,0.642,0.7,0.964,0.821,0.605,0.65,0.667,0.557,0.905,0.637,0.608,0.658,0.654,0.493,0.599,0.543,0.781,0.841,0.859,0.652,0.751,0.384,0.582,0.193,0.49,0.291,0.218,0.041,0.742,0.187,0.03,CS
0.437,0.52,0.469,0.896,0.845,0.94,0.49,0.715,0.56,0.376,0.779,0.506,0.767,0.754,0.823,0.398,0.848,0.723,0.896,0.826,0.893,0.595,0.811,0.748,0.742,0.857,0.789,0.385,0.691,0.491,0.582,0.437,0.376,0.746,0.199,0.383,0.221,0.182,0.184,0.007,0.183,0.627,MMA
0.68,0.307,0.487,0.504,0.634,0.55,0.952,0.329,0.677,0.896,0.971,0.869,0.672,0.331,0.501,0.388,0.887,0.56,0.659,0.665,0.756,0.758,0.501,0.578,0.39,0.83,0.648,0.727,0.329,0.58,0.53,0.786,0.896,0.708,0.391,0.682,0.029,0.417,0.184,0.594,0.158,0.065,CS
0.567,0.423,0.54,0.795,0.44,0.55,0.354,0.938,0.593,0.541,0.496,0.501,0.8,0.909,0.791,0.78,0.547,0.76,0.509,0.305,0.41,0.406,0.331,0.408,0.813,0.622,0.753,0.677,0.741,0.728,0.79,0.533,0.541,0.458,0.272,0.32,0.504,0.682,0.496,0.101,0.142,0.262,IT
0.612,0.842,0.701,0.414,0.476,0.388,0.812,0.629,0.762,0.591,0.923,0.854,0.769,0.905,0.838,0.954,0.882,1.0,0.736,0.845,0.799,0.481,0.548,0.594,0.339,0.714,0.501,0.571,0.919,0.816,0.861,0.665,0.591,0.608,0.107,0.264,0.077,0.304,0.38,0.133,0.269,0.218,IT
0.548,0.372,0.468,0.511,0.763,0.601,0.602,0.337,0.568,0.655,0.317,0.494,0.909,0.841,0.915,0.398,0.76,0.632,0.701,0.925,0.768,0.47,0.909,0.714,0.301,0.547,0.496,0.319,0.302,0.267,0.654,0.49,0.655,0.585,0.2,0.646,0.683,0.083,0.389,0.367,0.116,0.128,IT
0.532,0.471,0.565,0.374,0.641,0.535,0.373,0.664,0.534,0.82,0.464,0.601,0.699,0.988,0.787,0.99,0.8,0.96,0.363,0.51,0.348,0.56,0.987,0.695,0.694,0.304,0.541,0.438,0.391,0.382,0.844,0.448,0.82,0.462,0.106,0.432,0.536,0.252,0.794,0.061,0.141,0.005,IT
0.978,0.715,0.89,0.756,0.401,0.597,0.392,0.581,0.5,0.691,0.383,0.444,0.859,0.808,0.75,0.389,0.925,0.711,0.997,0.478,0.735,0.466,0.736,0.524,0.389,0.35,0.408,0.646,0.732,0.765,0.624,0.672,0.691,0.732,0.133,0.352,0.617,0.393,0.2,0.092,0.617,0.09,CE
0.379,0.995,0.591,0.685,0.516,0.601,0.691,0.468,0.591,0.829,0.487,0.635,0.488,0.874,0.726,0.91,0.419,0.579,0.384,0.413,0.405,0.98,0.55,0.857,0.327,0.949,0.574,0.939,0.339,0.729,0.699,0.67,0.829,0.682,0.354,0.268,0.513,0.518,0.129,0.207,0.388,0.276,CE
0.767,0.982,0.896,0.805,0.362,0.609,0.618,0.92,0.747,0.776,0.46,0.57,0.563,0.513,0.489,0.335,0.886,0.523,0.921,0.388,0.568,0.694,0.652,0.671,0.702,0.501,0.634,0.652,0.534,0.658,0.449,0.679,0.776,0.808,0.3,0.049,0.54,0.48,0.209,0.081,0.303,0.407,MMA
0.676,0.45,0.646,0.433,0.334,0.349,0.809,0.946,0.905,0.966,0.365,0.578,0.723,0.976,0.85,0.336,0.455,0.344,0.536,0.331,0.514,0.661,0.77,0.629,0.338,0.711,0.602,0.67,0.914,0.854,0.53,0.718,0.966,0.598,0.284,0.302,0.635,0.45,0.04,0.115,0.546,0.299,CE
0.503,0.593,0.537,0.937,0.372,0.611,0.676,0.789,0.759,0.959,0.857,0.919,0.45,0.616,0.572,0.887,0.972,0.95,0.669,0.312,0.405,0.409,0.338,0.354,0.536,0.746,0.648,0.717,0.63,0.629,0.668,0.632,0.959,0.539,0.206,0.309,0.143,0.675,0.484,0.014,0.443,0.059,CE
0.659,0.376,0.432,0.601,0.819,0.664,0.694,0.495,0.572,0.935,0.899,0.92,0.467,0.435,0.542,0.442,0.866,0.628,0.99,0.558,0.744,0.746,0.973,0.955,0.795,0.828,0.824,0.829,0.902,0.863,0.454,0.727,0.935,0.868,0.35,0.564,0.101,0.234,0.203,0.161,0.173,0.463,MMA
0.549,0.446,0.489,0.446,0.649,0.628,0.732,0.899,0.749,0.931,0.721,0.732,0.743,0.966,0.77,0.708,0.941,0.726,0.742,0.632,0.656,0.739,0.337,0.589,0.303,0.515,0.41,0.564,0.515,0.606,0.726,0.615,0.931,0.74,0.046,0.328,0.279,0.516,0.355,0.269,0.096,0.28,CE
0.945,0.586,0.722,0.369,0.635,0.591,0.693,0.767,0.653,0.4,0.625,0.603,0.553,0.914,0.657,0.732,0.72,0.798,0.302,0.433,0.312,0.965,0.408,0.594,0.674,0.67,0.741,0.964,0.677,0.907,0.643,0.867,0.4,0.634,0.183,0.324,0.375,0.58,0.242,0.058,0.494,0.206,CS
0.59,0.776,0.663,0.38,0.803,0.656,0.81,0.46,0.727,0.318,0.533,0.377,0.334,0.584,0.483,0.918,0.993,1.0,0.628,0.807,0.786,0.626,0.85,0.734,0.571,0.668,0.655,0.809,0.55,0.694,0.626,0.736,0.318,0.627,0.212,0.382,0.467,0.172,0.363,0.565,0.039,0.032,CS
0.774,0.59,0.587,0.543,0.865,0.763,0.646,0.631,0.654,0.454,0.668,0.463,0.633,0.535,0.619,0.747,0.567,0.558,0.477,0.743,0.524,0.375,0.753,0.615,0.525,0.643,0.673,0.962,0.515,0.801,0.69,0.794,0.454,0.426,0.449,0.389,0.332,0.252,0.134,0.549,0.096,0.221,CS
0.838,0.648,0.802,0.483,0.386,0.419,0.961,0.651,0.833,0.737,0.393,0.543,0.795,0.98,0.821,0.587,0.367,0.425,0.564,0.678,0.567,0.459,0.844,0.744,0.527,0.782,0.606,0.95,0.771,0.921,0.691,0.916,0.737,0.511,0.326,0.351,0.607,0.239,0.025,0.443,0.364,0.168,CS
0.484,0.706,0.636,0.323,0.697,0.444,0.398,0.736,0.529,0.609,0.552,0.61,0.629,0.974,0.772,0.818,0.48,0.651,0.687,0.53,0.603,0.495,0.304,0.343,0.79,0.84,0.771,0.586,0.326,0.403,0.724,0.489,0.609,0.591,0.273,0.279,0.448,0.583,0.509,0.314,0.078,0.1,IT
0.872,0.446,0.626,0.765,0.693,0.721,0.93,0.454,0.74,0.411,0.731,0.645,0.621,0.807,0.778,0.395,0.794,0.679,0.703,0.43,0.492,0.482,0.372,0.43,0.349,0.456,0.391,0.632,0.696,0.705,0.508,0.811,0.411,0.592,0.2,0.55,0.269,0.599,0.065,0.113,0.084,0.738,MMA
0.329,0.822,0.52,0.957,0.64,0.788,0.846,0.799,0.844,0.955,0.596,0.837,0.566,0.887,0.678,0.502,0.775,0.581,0.46,0.514,0.523,0.923,0.772,0.913,0.68,0.348,0.434,0.688,0.529,0.553,0.534,0.621,0.955,0.692,0.169,0.19,0.404,0.357,0.164,0.286,0.127,0.423,CE
0.817,0.814,0.913,0.507,0.751,0.7,0.706,0.853,0.762,0.713,0.339,0.623,0.86,0.908,0.923,0.43,0.322,0.449,0.577,0.485,0.543,0.595,0.756,0.672,0.788,0.897,0.782,0.531,0.606,0.661,0.645,0.685,0.713,0.586,0.385,0.167,0.661,0.379,0.179,0.189,0.418,0.214,CE
0.966,0.926,0.949,0.751,0.341,0.585,0.795,0.551,0.617,0.941,0.599,0.8,0.323,0.59,0.52,0.571,0.722,0.589,0.592,0.949,0.784,0.931,0.931,1.0,0.927,0.302,0.701,0.396,0.328,0.273,0.447,0.719,0.941,0.762,0.344,0.261,0.401,0.06,0.221,0.5,0.265,0.013,CE
0.634,0.609,0.673,0.496,0.452,0.425,0.513,0.719,0.61,0.536,0.562,0.523,0.981,0.463,0.786,0.796,0.304,0.648,0.83,0.778,0.785,0.689,0.477,0.49,0.885,0.928,0.839,0.851,0.819,0.771,0.889,0.666,0.536,0.76,0.616,0.336,0.438,0.373,0.126,0.127,0.329,0.419,MMA
0.366,0.694,0.583,0.85,0.404,0.632,0.9,0.523,0.697,0.863,0.363,0.685,0.518,0.301,0.356,0.363,0.365,0.402,0.45,0.954,0.705,0.622,0.604,0.652,0.617,0.39,0.579,0.6,0.352,0.482,0.44,0.622,0.863,0.536,0.667,0.391,0.637,0.221,0.255,0.079,0.395,0.271,CE
0.755,0.595,0.767,0.492,0.704,0.56,0.821,0.333,0.487,0.868,0.604,0.704,0.725,0.791,0.699,0.43,0.971,0.718,0.573,0.861,0.722,0.469,0.445,0.436,0.902,0.343,0.566,0.925,0.385,0.681,0.578,0.834,0.868,0.521,0.119,0.536,0.396,0.347,0.136,0.529,0.274,0.061,CS
0.708,0.778,0.779,0.746,0.65,0.702,0.745,0.783,0.795,0.711,0.409,0.502,0.482,0.944,0.765,0.687,0.476,0.504,0.929,0.925,0.849,0.858,0.613,0.7,0.817,0.73,0.83,0.352,0.523,0.401,0.584,0.602,0.711,0.894,0.29,0.22,0.591,0.231,0.198,0.346,0.165,0.291,MMA
0.557,0.815,0.707,0.758,0.447,0.568,0.315,0.376,0.298,0.346,0.722,0.633,0.371,0.875,0.546,0.769,0.75,0.84,0.38,0.521,0.368,0.585,0.938,0.818,0.806,0.673,0.816,0.615,0.405,0.577,0.57,0.496,0.346,0.482,0.188,0.405,0.278,0.27,0.225,0.038,0.092,0.645,MMA
0.725,0.482,0.649,0.842,0.944,0.91,0.846,0.827,0.788,0.517,0.635,0.48,0.508,0.632,0.492,0.388,0.624,0.553,0.884,0.682,0.778,0.569,0.435,0.431,0.854,0.626,0.798,0.793,0.436,0.616,0.448,0.788,0.517,0.726,0.372,0.346,0.365,0.442,0.099,0.093,0.132,0.677,MMA
0.869,0.933,0.807,0.398,0.359,0.331,0.609,0.749,0.68,0.932,0.958,0.878,0.897,0.637,0.758,0.849,0.365,0.684,0.77,0.913,0.94,0.663,0.365,0.447,0.527,0.372,0.513,0.508,0.983,0.786,0.873,0.662,0.932,0.716,0.499,0.159,0.042,0.361,0.089,0.301,0.293,0.316,CE
0.675,0.322,0.536,0.641,0.854,0.81,0.461,0.334,0.438,0.984,0.613,0.75,0.41,0.501,0.421,0.597,0.759,0.632,0.336,0.561,0.52,0.649,0.975,0.813,0.493,0.435,0.503,0.675,0.723,0.75,0.503,0.604,0.984,0.493,0.37,0.672,0.387,0.232,0.348,0.012,0.436,0.204,CE
0.574,0.676,0.648,0.405,0.592,0.466,0.545,0.364,0.387,0.413,0.561,0.566,0.444,0.591,0.48,0.851,0.335,0.532,0.447,0.995,0.735,0.397,0.491,0.377,0.387,0.858,0.622,0.742,0.532,0.648,0.648,0.62,0.413,0.422,0.537,0.48,0.439,0.257,0.158,0.195,0.56,0.086,CE
0.732,0.897,0.738,0.928,0.356,0.612,0.727,0.692,0.629,0.859,0.981,0.856,0.927,0.69,0.895,0.423,0.854,0.551,0.918,0.772,0.819,0.433,0.872,0.673,0.552,0.611,0.647,0.537,0.363,0.532,0.675,0.665,0.859,0.676,0.228,0.206,0.019,0.178,0.143,0.125,0.067,0.665,MMA
0.452,0.746,0.675,0.324,0.88,0.584,0.761,0.561,0.7,0.478,0.315,0.486,0.311,0.877,0.528,0.575,0.876,0.666,0.906,0.648,0.75,0.764,0.539,0.621,0.813,0.517,0.605,0.865,0.864,0.864,0.443,0.693,0.478,0.835,0.123,0.347,0.685,0.406,0.234,0.373,0.223,0.169,MMA
0.996,0.403,0.718,0.92,0.781,0.927,0.535,0.49,0.583,0.576,0.797,0.616,0.829,0.684,0.71,0.646,0.788,0.619,0.746,0.679,0.657,0.827,0.512,0.625,0.63,0.773,0.787,0.399,0.578,0.402,0.738,0.643,0.576,0.786,0.264,0.554,0.203,0.404,0.391,0.164,0.338,0.107,IT
0.891,0.674,0.871,0.355,0.66,0.561,0.72,0.316,0.613,0.509,0.474,0.489,0.68,0.836,0.737,0.608,0.674,0.62,0.94,0.896,0.909,0.3,0.931,0.54,0.471,0.407,0.375,0.862,0.706,0.875,0.644,0.824,0.509,0.62,0.245,0.505,0.526,0.087,0.041,0.103,0.586,0.271,CE
0.81,0.432,0.675,0.543,0.671,0.629,0.727,0.809,0.8,0.348,0.62,0.517,0.507,0.519,0.438,0.593,0.991,0.749,0.672,0.82,0.649,0.93,0.571,0.824,0.327,0.402,0.329,0.542,0.893,0.62,0.55,0.693,0.348,0.801,0.245,0.379,0.38,0.304,0.233,0.032,0.393,0.342,MMA
0.65,0.449,0.576,0.409,0.433,0.447,0.994,0.924,0.977,0.677,0.999,0.847,0.594,0.937,0.712,0.368,0.744,0.475,0.561,0.597,0.588,0.994,0.455,0.7,0.393,0.725,0.604,0.637,0.472,0.579,0.481,0.76,0.677,0.778,0.159,0.314,0.001,0.474,0.377,0.091,0.253,0.278,MMA
0.988,0.895,0.988,0.922,0.815,0.949,0.338,0.619,0.528,0.708,0.423,0.534,0.522,0.483,0.471,0.66,0.898,0.828,0.885,0.919,0.885,0.542,0.34,0.527,0.346,0.819,0.558,0.964,0.594,0.842,0.591,0.763,0.708,0.714,0.31,0.243,0.577,0.37,0.043,0.046,0.116,0.796,MMA
0.662,0.955,0.866,0.857,0.605,0.708,0.434,0.975,0.796,0.823,0.507,0.614,0.992,0.347,0.738,0.549,0.593,0.637,0.363,0.548,0.546,0.789,0.828,0.86,0.342,0.442,0.391,0.558,0.588,0.629,0.77,0.551,0.823,0.576,0.53,0.035,0.493,0.312,0.013,0.931,0.0,0.056,CS
0.586,0.889,0.666,0.688,0.775,0.678,0.659,0.938,0.801,0.41,0.739,0.593,0.319,0.363,0.272,0.395,0.482,0.429,0.56,0.923,0.764,0.913,0.669,0.709,0.624,0.875,0.689,0.364,0.531,0.425,0.357,0.536,0.41,0.736,0.578,0.087,0.261,0.204,0.188,0.075,0.148,0.589,MMA
0.57,0.743,0.664,0.684,0.474,0.583,0.317,0.602,0.474,0.427,0.48,0.397,0.349,0.544,0.542,0.548,0.622,0.616,0.754,0.965,0.931,0.856,0.966,0.857,0.732,0.921,0.851,0.984,0.37,0.665,0.448,0.624,0.427,0.805,0.417,0.328,0.52,0.034,0.671,0.085,0.238,0.005,IT
0.786,0.954,0.847,0.315,0.32,0.396,0.806,0.375,0.501,0.863,0.867,0.789,0.511,0.846,0.684,0.97,0.637,0.839,0.657,0.96,0.788,0.461,0.529,0.565,0.649,0.548,0.607,0.393,0.304,0.305,0.74,0.662,0.863,0.559,0.258,0.336,0.133,0.256,0.142,0.19,0.268,0.4,CE
0.588,0.818,0.618,0.34,0.387,0.354,0.448,0.501,0.504,0.551,0.69,0.603,0.418,0.352,0.332,0.34,0.733,0.596,0.538,0.571,0.618,0.456,0.383,0.42,0.752,0.72,0.779,0.34,0.6,0.417,0.379,0.459,0.551,0.497,0.458,0.34,0.31,0.523,0.364,0.527,0.084,0.026,CS
0.477,0.373,0.39,0.677,0.982,0.809,0.454,0.417,0.37,0.435,0.834,0.546,0.998,0.666,0.841,0.55,0.783,0.661,0.53,0.486,0.593,0.504,0.605,0.525,0.36,0.43,0.333,0.786,0.585,0.741,0.774,0.572,0.435,0.517,0.275,0.605,0.166,0.454,0.34,0.059,0.228,0.374,IT
0.743,0.72,0.779,0.34,0.812,0.53,0.7,0.47,0.653,0.636,0.75,0.752,0.927,0.812,0.799,0.898,0.733,0.837,0.945,0.474,0.657,0.659,0.826,0.732,0.744,0.617,0.702,0.876,0.426,0.69,0.913,0.773,0.636,0.802,0.228,0.405,0.25,0.35,0.608,0.233,0.153,0.005,IT
0.858,0.53,0.665,0.535,0.649,0.633,0.84,0.575,0.74,0.804,0.508,0.575,0.926,0.774,0.88,0.341,0.873,0.62,0.894,0.982,1.0,0.899,0.308,0.681,0.353,0.896,0.58,0.727,0.327,0.581,0.634,0.808,0.804,0.897,0.176,0.448,0.492,0.355,0.033,0.15,0.481,0.336,CE
0.304,0.582,0.352,0.771,0.978,0.906,0.457,0.549,0.598,0.457,0.693,0.555,0.838,0.907,0.841,0.762,0.684,0.679,0.49,0.677,0.515,0.868,0.348,0.527,0.54,0.383,0.456,0.58,0.805,0.783,0.8,0.447,0.457,0.679,0.204,0.434,0.307,0.488,0.29,0.041,0.567,0.103,IT
0.632,0.595,0.57,0.927,0.533,0.745,0.468,0.858,0.718,0.507,0.777,0.683,0.694,0.72,0.722,0.357,0.769,0.557,0.607,0.902,0.659,0.476,0.385,0.338,0.493,0.992,0.696,0.765,0.383,0.594,0.526,0.622,0.507,0.542,0.256,0.274,0.223,0.357,0.336,0.028,0.152,0.485,MMA
0.712,0.517,0.649,0.891,0.42,0.646,0.523,0.498,0.583,0.595,0.537,0.587,0.454,0.461,0.461,0.586,0.506,0.457,0.665,0.872,0.838,0.465,0.72,0.663,0.586,0.952,0.85,0.446,0.481,0.4,0.52,0.56,0.595,0.565,0.516,0.492,0.463,0.204,0.041,0.447,0.502,0.01,CE
0.716,0.695,0.683,0.742,0.963,0.787,0.384,0.323,0.327,0.536,0.602,0.57,0.83,0.574,0.669,0.879,0.895,0.833,0.52,0.878,0.615,0.528,0.614,0.508,0.426,0.597,0.563,0.888,0.985,0.852,0.854,0.663,0.536,0.524,0.266,0.491,0.398,0.254,0.086,0.499,0.275,0.14,CS
0.444,0.496,0.456,0.424,0.975,0.621,0.99,0.889,0.924,0.818,0.77,0.737,0.537,0.659,0.626,0.68,0.631,0.644,0.649,0.604,0.635,0.922,0.743,0.877,0.718,0.75,0.75,0.319,1.0,0.566,0.608,0.584,0.818,0.786,0.355,0.308,0.23,0.326,0.219,0.048,0.044,0.688,MMA
0.598,0.861,0.684,0.48,0.476,0.501,0.87,0.617,0.719,0.982,0.382,0.679,0.586,0.369,0.431,0.32,0.914,0.638,0.871,0.665,0.788,0.791,0.936,0.781,0.532,0.796,0.756,0.987,0.747,0.805,0.453,0.818,0.982,0.831,0.359,0.261,0.618,0.2,0.033,0.762,0.148,0.057,CS
0.954,0.373,0.709,0.738,0.361,0.517,0.405,0.723,0.559,0.303,0.983,0.613,0.481,0.456,0.4,0.999,0.507,0.734,0.91,0.749,0.803,0.929,0.825,0.822,0.751,0.946,0.847,0.814,0.98,0.935,0.74,0.724,0.303,0.92,0.518,0.452,0.017,0.213,0.067,0.174,0.56,0.2,MMA
0.97,0.584,0.768,0.791,0.667,0.705,0.354,0.718,0.609,0.78,0.567,0.599,0.871,0.959,0.893,0.81,0.588,0.699,0.886,0.358,0.628,0.45,0.538,0.523,0.319,0.716,0.474,0.769,0.399,0.631,0.84,0.698,0.78,0.668,0.227,0.349,0.433,0.552,0.141,0.483,0.33,0.045,CS
0.319,0.759,0.56,0.319,0.386,0.369,0.938,0.935,0.867,0.569,0.33,0.444,0.827,0.853,0.84,0.367,0.567,0.553,0.461,0.524,0.542,0.814,0.939,0.854,0.66,0.627,0.729,0.839,0.882,0.787,0.597,0.699,0.569,0.638,0.29,0.153,0.67,0.268,0.706,0.255,0.011,0.028,IT
0.775,0.56,0.741,0.814,0.315,0.602,0.435,0.596,0.54,0.911,0.619,0.827,0.848,0.59,0.719,0.79,0.322,0.634,0.839,0.475,0.753,0.426,0.94,0.648,0.834,0.619,0.774,0.409,0.489,0.369,0.819,0.54,0.911,0.632,0.544,0.422,0.381,0.292,0.381,0.067,0.226,0.326,IT
0.931,0.374,0.731,0.438,0.816,0.673,0.306,0.454,0.379,0.594,0.943,0.74,0.956,0.622,0.882,0.816,0.881,0.769,0.71,0.4,0.515,0.736,0.808,0.68,0.672,0.696,0.599,0.65,0.8,0.636,0.886,0.629,0.594,0.723,0.248,0.586,0.057,0.396,0.33,0.199,0.414,0.057,IT
0.883,0.366,0.606,0.44,0.913,0.717,0.318,0.307,0.27,0.4,0.741,0.604,0.959,0.966,0.995,0.304,0.551,0.43,0.649,0.722,0.778,0.92,0.376,0.601,0.883,0.877,0.835,0.811,0.77,0.786,0.632,0.671,0.4,0.784,0.242,0.664,0.259,0.451,0.06,0.587,0.303,0.05,CS
0.793,0.819,0.884,0.456,0.992,0.655,0.72,0.76,0.724,0.633,0.924,0.807,0.648,0.39,0.42,0.387,0.969,0.731,0.977,0.325,0.687,0.331,0.847,0.565,0.367,0.698,0.488,0.762,0.761,0.802,0.518,0.758,0.633,0.654,0.32,0.211,0.076,0.414,0.64,0.064,0.082,0.214,IT
0.705,0.326,0.584,0.336,0.42,0.298,0.355,0.318,0.247,0.61,0.477,0.469,0.761,0.458,0.513,0.593,0.517,0.519,0.612,0.768,0.713,0.956,0.662,0.804,0.449,0.829,0.567,0.644,0.595,0.651,0.677,0.568,0.61,0.784,0.512,0.678,0.523,0.285,0.422,0.495,0.031,0.051,IT
0.868,0.663,0.756,0.797,0.721,0.854,0.709,0.626,0.676,0.866,0.729,0.827,0.98,0.733,0.832,0.784,0.762,0.676,0.627,0.82,0.723,0.846,0.616,0.827,0.505,0.364,0.421,0.679,0.544,0.56,0.882,0.752,0.866,0.736,0.252,0.355,0.271,0.282,0.272,0.116,0.244,0.369,IT
0.833,0.563,0.711,0.615,0.91,0.838,0.541,0.364,0.386,0.557,0.695,0.657,0.532,0.767,0.737,0.756,0.411,0.6,0.679,0.909,0.764,0.596,0.719,0.662,0.803,0.328,0.578,0.385,0.521,0.485,0.644,0.586,0.557,0.638,0.411,0.536,0.305,0.186,0.061,0.132,0.433,0.375,MMA
0.364,0.704,0.463,0.477,0.621,0.471,0.996,0.416,0.762,0.881,0.996,0.924,0.912,0.97,0.876,0.636,0.342,0.513,0.707,0.443,0.635,0.326,0.864,0.501,0.76,0.355,0.508,0.805,0.496,0.653,0.774,0.722,0.881,0.516,0.344,0.44,0.004,0.347,0.58,0.012,0.392,0.016,IT
0.389,0.384,0.485,0.426,0.928,0.775,0.569,0.742,0.711,0.575,0.413,0.481,0.84,0.847,0.79,0.422,0.944,0.592,0.814,0.332,0.641,0.934,0.508,0.636,0.636,0.509,0.556,0.765,0.447,0.578,0.631,0.574,0.575,0.874,0.105,0.437,0.587,0.58,0.377,0.255,0.098,0.27,MMA
0.836,0.715,0.723,0.3,0.862,0.646,0.788,0.354,0.588,0.875,0.573,0.663,0.711,0.878,0.705,0.718,0.75,0.755,0.755,0.742,0.675,0.464,0.733,0.502,0.744,0.766,0.703,0.719,0.674,0.648,0.714,0.781,0.875,0.61,0.186,0.466,0.427,0.262,0.136,0.525,0.122,0.217,CS
0.325,0.354,0.256,0.845,0.545,0.64,0.823,0.419,0.57,0.602,0.532,0.584,0.536,0.575,0.628,0.919,0.879,0.972,0.699,0.752,0.737,0.85,0.686,0.69,0.867,0.832,0.914,0.433,0.49,0.421,0.728,0.527,0.602,0.774,0.273,0.614,0.468,0.281,0.46,0.093,0.316,0.13,IT
0.485,0.794,0.711,0.316,0.696,0.413,0.36,0.794,0.624,0.87,0.632,0.823,0.417,0.475,0.373,0.858,0.46,0.59,0.736,0.354,0.454,0.375,0.3,0.377,0.694,0.447,0.517,0.868,0.651,0.799,0.638,0.571,0.87,0.556,0.532,0.206,0.368,0.673,0.115,0.052,0.673,0.159,CE
0.392,0.584,0.454,0.45,0.953,0.778,0.439,0.547,0.545,0.446,0.714,0.62,0.758,0.794,0.817,0.975,0.543,0.835,0.315,0.502,0.318,0.756,0.371,0.632,0.753,0.32,0.579,0.903,0.763,0.739,0.866,0.578,0.446,0.536,0.331,0.434,0.286,0.564,0.471,0.318,0.115,0.096,IT
0.636,0.907,0.722,0.371,0.905,0.543,0.938,0.514,0.728,0.393,0.932,0.712,0.947,0.778,0.8,0.516,0.641,0.6,0.949,0.569,0.799,0.973,0.407,0.762,0.594,0.813,0.662,0.534,0.319,0.521,0.732,0.703,0.393,0.961,0.29,0.29,0.068,0.512,0.163,0.01,0.738,0.09,MMA
0.898,0.347,0.6,0.769,0.375,0.569,0.61,0.451,0.491,0.977,0.502,0.682,0.675,0.77,0.768,0.828,0.326,0.556,0.842,0.933,0.908,0.337,0.578,0.372,0.824,0.344,0.521,0.592,0.624,0.589,0.752,0.7,0.977,0.59,0.452,0.601,0.498,0.244,0.199,0.4,0.147,0.254,CE
0.512,0.548,0.553,0.643,0.806,0.737,0.863,0.61,0.735,0.769,0.455,0.589,0.737,0.32,0.516,0.719,0.977,0.924,0.497,0.655,0.487,0.469,0.842,0.58,0.48,0.961,0.785,0.847,0.905,0.926,0.728,0.741,0.769,0.483,0.352,0.421,0.545,0.252,0.071,0.4,0.324,0.205,CS
0.884,0.625,0.666,0.492,0.46,0.554,0.753,0.692,0.724,0.755,0.828,0.803,0.957,0.984,1.0,0.769,0.953,0.842,0.902,0.936,1.0,0.882,0.585,0.665,0.534,0.837,0.632,0.635,0.696,0.686,0.863,0.757,0.755,0.892,0.032,0.342,0.172,0.24,0.44,0.174,0.247,0.14,IT
0.884,0.485,0.626,0.948,0.785,0.901,0.627,0.564,0.607,0.384,0.618,0.492,0.677,0.744,0.802,0.757,0.919,0.849,0.739,0.349,0.471,0.706,0.577,0.701,0.68,0.918,0.893,0.403,0.576,0.523,0.717,0.638,0.384,0.722,0.168,0.476,0.382,0.537,0.058,0.049,0.267,0.625,MMA
0.842,0.667,0.743,0.678,0.624,0.651,0.442,0.933,0.738,0.777,0.965,0.828,0.357,0.878,0.717,0.705,0.341,0.579,0.352,0.678,0.47,0.941,0.616,0.858,0.509,0.571,0.63,0.441,0.705,0.551,0.531,0.575,0.777,0.646,0.39,0.2,0.035,0.353,0.437,0.041,0.169,0.353,CE
0.585,0.341,0.504,0.652,0.308,0.503,0.944,0.378,0.679,0.81,0.35,0.484,0.625,0.854,0.672,0.886,0.76,0.789,0.661,0.976,0.762,0.65,0.737,0.621,0.33,0.309,0.285,0.352,0.863,0.707,0.756,0.627,0.81,0.656,0.193,0.64,0.65,0.143,0.079,0.709,0.033,0.18,CS
0.526,0.576,0.639,0.577,0.647,0.561,0.3,0.93,0.531,0.975,0.392,0.704,1.0,0.397,0.683,0.846,0.323,0.622,0.356,0.466,0.343,0.935,0.426,0.589,0.711,0.542,0.608,0.383,0.824,0.624,0.923,0.403,0.975,0.646,0.64,0.247,0.608,0.554,0.149,0.062,0.295,0.495,CE
0.519,0.318,0.361,0.778,0.992,0.788,0.514,0.343,0.392,0.584,0.945,0.68,0.844,0.577,0.773,0.659,0.327,0.583,0.358,0.718,0.614,0.356,0.688,0.587,0.99,0.807,0.854,0.79,0.794,0.832,0.752,0.608,0.584,0.357,0.548,0.67,0.055,0.297,0.61,0.029,0.036,0.324,IT
0.968,0.626,0.889,0.957,0.932,1.0,0.929,0.874,0.94,0.317,0.393,0.282,0.316,0.382,0.433,0.765,0.518,0.7,0.642,0.399,0.598,0.537,0.789,0.621,0.65,0.871,0.692,0.984,0.349,0.673,0.54,0.96,0.317,0.59,0.55,0.25,0.607,0.406,0.426,0.501,0.045,0.027,CS
0.807,0.329,0.565,0.857,0.692,0.712,0.641,0.945,0.816,0.805,0.535,0.608,0.479,0.673,0.532,0.679,0.795,0.784,0.415,0.825,0.655,0.308,0.341,0.354,0.569,0.402,0.394,0.412,0.97,0.736,0.579,0.62,0.805,0.362,0.266,0.363,0.465,0.417,0.128,0.486,0.165,0.221,CS
0.498,0.712,0.534,0.583,0.323,0.397,0.352,0.571,0.531,0.565,0.882,0.755,0.657,0.466,0.646,0.338,0.782,0.584,0.609,0.468,0.525,0.911,0.886,0.987,0.515,0.571,0.447,0.96,0.531,0.726,0.498,0.603,0.565,0.76,0.376,0.359,0.118,0.323,0.573,0.18,0.201,0.047,IT
0.649,0.943,0.808,0.479,0.322,0.367,0.701,0.33,0.537,0.666,0.848,0.663,0.847,0.665,0.73,0.976,0.412,0.702,0.525,0.669,0.607,0.363,0.763,0.59,0.839,0.363,0.56,0.755,0.396,0.611,0.912,0.702,0.666,0.444,0.462,0.364,0.152,0.284,0.016,0.106,0.489,0.388,CE
0.751,0.909,0.872,0.664,0.986,0.864,0.721,0.586,0.734,0.507,0.306,0.346,0.377,0.523,0.515,0.756,0.418,0.645,0.653,0.659,0.628,0.905,0.523,0.633,0.512,0.801,0.688,0.432,0.378,0.437,0.566,0.635,0.507,0.779,0.53,0.252,0.694,0.409,0.155,0.063,0.255,0.527,MMA
0.444,0.704,0.475,0.799,0.59,0.633,0.827,0.867,0.769,0.329,0.534,0.456,0.855,0.682,0.785,0.86,0.67,0.787,0.661,0.916,0.736,0.485,0.39,0.501,0.588,0.544,0.662,0.949,0.98,0.893,0.857,0.74,0.329,0.573,0.324,0.215,0.466,0.347,0.71,0.127,0.004,0.159,IT
0.656,0.376,0.524,0.874,0.564,0.69,0.537,0.946,0.651,0.612,0.485,0.627,0.367,0.588,0.459,0.922,0.451,0.715,0.394,0.968,0.7,0.738,0.604,0.639,0.449,0.723,0.677,0.552,0.918,0.665,0.645,0.582,0.612,0.566,0.481,0.339,0.515,0.214,0.643,0.101,0.112,0.145,IT
0.803,0.804,0.799,0.666,0.321,0.454,0.542,0.691,0.628,0.797,0.802,0.746,0.839,0.314,0.62,0.371,0.811,0.597,0.606,0.783,0.602,0.456,0.732,0.663,0.567,0.481,0.528,0.736,0.594,0.74,0.605,0.694,0.797,0.531,0.438,0.252,0.198,0.242,0.455,0.022,0.155,0.368,IT
0.788,0.454,0.716,0.523,0.673,0.502,0.919,0.852,0.825,0.953,0.521,0.776,0.873,0.819,0.929,0.905,0.996,0.887,0.513,0.745,0.676,0.674,0.352,0.581,0.973,0.584,0.723,0.314,0.466,0.43,0.889,0.674,0.953,0.594,0.093,0.347,0.479,0.452,0.537,0.022,0.178,0.263,IT
0.493,0.699,0.639,0.886,0.617,0.801,0.511,0.449,0.418,0.551,0.325,0.395,0.757,0.754,0.67,0.501,0.699,0.564,0.593,0.799,0.598,0.493,0.4,0.372,0.971,0.564,0.773,0.814,0.333,0.522,0.629,0.606,0.551,0.543,0.274,0.426,0.675,0.4,0.38,0.421,0.099,0.1,CS
0.83,0.507,0.592,0.48,0.571,0.436,0.635,0.818,0.729,0.35,0.608,0.521,0.341,0.342,0.315,0.436,0.954,0.712,0.501,0.793,0.622,0.392,0.466,0.458,0.336,0.491,0.355,0.441,0.778,0.675,0.388,0.635,0.35,0.446,0.352,0.338,0.392,0.37,0.26,0.214,0.513,0.012,CS
0.417,0.59,0.478,0.593,0.445,0.448,0.656,0.95,0.781,0.33,0.794,0.521,0.472,0.527,0.544,0.873,0.712,0.757,0.517,0.387,0.539,0.747,0.319,0.565,0.613,0.981,0.861,0.42,0.804,0.609,0.672,0.498,0.33,0.632,0.381,0.23,0.206,0.647,0.093,0.538,0.355,0.014,CS
0.753,0.744,0.677,0.544,0.71,0.555,0.897,0.319,0.529,0.381,0.67,0.549,0.583,0.502,0.604,0.348,0.496,0.33,0.31,0.547,0.368,0.488,0.875,0.614,0.846,0.773,0.775,0.683,0.611,0.573,0.465,0.778,0.381,0.399,0.501,0.468,0.33,0.289,0.336,0.119,0.3,0.245,CS
0.356,0.445,0.33,0.882,0.904,0.898,0.373,0.395,0.447,0.95,0.44,0.597,0.532,0.321,0.492,0.644,0.749,0.679,0.542,0.456,0.553,0.787,0.553,0.634,0.301,0.344,0.347,0.66,0.604,0.698,0.588,0.463,0.95,0.665,0.465,0.58,0.56,0.495,0.228,0.158,0.057,0.558,MMA
0.703,0.365,0.564,0.598,0.868,0.817,0.72,0.812,0.678,0.692,0.829,0.76,0.715,0.929,0.762,0.369,0.783,0.641,0.895,0.749,0.889,0.79,0.361,0.628,0.426,0.466,0.425,0.52,0.525,0.457,0.542,0.648,0.692,0.842,0.144,0.412,0.171,0.445,0.141,0.008,0.259,0.592,MMA
0.904,0.874,0.872,0.811,0.502,0.568,0.773,0.754,0.824,0.731,0.41,0.641,0.739,0.865,0.857,0.509,0.352,0.366,0.365,0.47,0.41,0.935,0.91,0.966,0.317,0.539,0.464,0.39,0.861,0.708,0.624,0.689,0.731,0.65,0.391,0.186,0.59,0.31,0.146,0.409,0.054,0.392,CS
0.315,0.406,0.402,0.798,0.749,0.769,0.772,0.842,0.9,0.922,0.856,0.928,0.702,0.384,0.476,0.874,0.862,0.891,0.607,0.318,0.428,0.594,0.64,0.703,0.376,0.663,0.493,0.993,0.903,0.936,0.788,0.693,0.922,0.6,0.377,0.376,0.144,0.521,0.825,0.074,0.019,0.083,IT
0.458,0.745,0.689,0.85,0.491,0.63,0.349,0.5,0.343,0.65,0.796,0.773,0.342,0.538,0.397,0.373,0.554,0.423,0.744,0.918,0.822,0.823,0.402,0.691,0.407,0.434,0.342,0.517,0.687,0.699,0.358,0.441,0.65,0.784,0.454,0.377,0.204,0.34,0.405,0.123,0.221,0.251,MMA
0.876,0.816,0.86,0.768,0.822,0.722,0.44,0.782,0.681,0.586,0.986,0.729,0.592,0.565,0.664,0.5,0.63,0.502,0.665,0.9,0.743,0.868,0.938,0.817,0.829,0.479,0.589,0.721,0.794,0.736,0.546,0.679,0.586,0.766,0.403,0.201,0.014,0.081,0.01,0.589,0.323,0.078,CS
0.648,0.319,0.451,0.666,0.662,0.606,0.844,0.509,0.693,0.49,0.598,0.485,0.743,0.598,0.574,0.32,0.63,0.411,0.71,0.586,0.679,0.967,0.67,0.876,0.827,0.945,0.829,0.879,0.934,0.885,0.532,0.79,0.49,0.838,0.386,0.586,0.402,0.372,0.077,0.622,0.202,0.098,CS
0.854,0.513,0.619,0.681,0.696,0.754,0.62,0.87,0.707,0.703,0.446,0.551,0.9,0.451,0.738,0.498,0.324,0.333,0.822,0.483,0.684,0.789,0.542,0.66,0.583,0.963,0.737,0.428,0.556,0.526,0.699,0.634,0.703,0.806,0.612,0.308,0.554,0.488,0.191,0.413,0.342,0.054,CE
0.619,0.823,0.804,0.536,0.611,0.653,0.551,0.636,0.675,0.862,0.47,0.631,0.547,0.939,0.843,0.842,0.639,0.642,0.788,0.573,0.707,0.725,0.637,0.77,0.316,0.798,0.539,0.8,0.773,0.688,0.694,0.657,0.862,0.756,0.211,0.27,0.53,0.395,0.165,0.103,0.09,0.642,MMA
0.468,0.632,0.499,0.706,0.804,0.721,0.722,0.877,0.719,0.797,0.526,0.586,0.682,0.458,0.634,0.33,0.369,0.354,0.712,0.811,0.713,0.889,0.967,0.928,0.832,0.667,0.664,0.528,0.361,0.543,0.506,0.573,0.797,0.8,0.586,0.246,0.474,0.111,0.098,0.379,0.126,0.398,MMA
0.447,0.85,0.571,0.927,0.888,0.943,0.347,0.446,0.468,0.385,0.409,0.406,0.492,0.455,0.489,0.561,0.398,0.487,0.571,0.814,0.613,0.734,0.606,0.651,0.463,0.321,0.461,0.528,0.777,0.742,0.526,0.441,0.385,0.652,0.574,0.352,0.591,0.29,0.19,0.116,0.071,0.622,MMA
0.777,0.766,0.757,0.892,0.8,0.802,0.72,0.601,0.562,0.865,0.386,0.628,0.535,0.539,0.533,0.998,0.586,0.728,0.73,0.465,0.519,0.335,0.316,0.312,0.599,0.43,0.571,0.39,0.941,0.683,0.766,0.629,0.865,0.532,0.438,0.316,0.614,0.609,0.007,0.768,0.086,0.139,CS
0.499,0.81,0.652,0.393,0.373,0.428,0.466,0.396,0.431,0.862,0.495,0.634,0.884,0.403,0.667,0.969,0.889,0.841,0.524,0.4,0.552,0.99,0.464,0.761,0.889,0.464,0.614,0.308,0.588,0.528,0.926,0.424,0.862,0.757,0.354,0.397,0.505,0.568,0.724,0.042,0.071,0.163,IT
0.846,0.728,0.79,0.714,0.367,0.536,0.994,0.362,0.682,0.507,0.678,0.607,0.704,0.897,0.778,0.661,0.308,0.542,0.482,0.872,0.63,0.308,0.408,0.455,0.524,0.376,0.374,0.517,0.326,0.424,0.682,0.786,0.507,0.395,0.397,0.455,0.322,0.36,0.143,0.434,0.09,0.333,CS
0.719,0.343,0.511,0.512,0.468,0.511,0.712,0.741,0.659,0.5,0.447,0.481,0.623,0.531,0.634,0.366,0.982,0.597,0.841,0.558,0.773,0.352,0.562,0.424,0.995,0.99,0.931,0.741,0.675,0.639,0.494,0.724,0.5,0.596,0.244,0.458,0.553,0.44,0.034,0.831,0.111,0.025,CS
0.45,0.488,0.471,0.535,0.619,0.51,0.529,0.349,0.517,0.439,0.83,0.604,0.632,0.504,0.607,0.891,0.5,0.644,0.777,0.437,0.635,0.366,0.734,0.553,0.38,0.754,0.556,0.452,0.547,0.498,0.762,0.477,0.439,0.572,0.498,0.582,0.17,0.414,0.022,0.709,0.246,0.024,CS
0.876,0.526,0.72,0.494,0.813,0.698,0.686,0.469,0.528,0.568,0.402,0.452,0.779,0.882,0.797,0.464,0.883,0.751,0.587,0.319,0.492,0.849,0.313,0.6,0.712,0.565,0.688,0.6,0.774,0.69,0.622,0.721,0.568,0.718,0.117,0.502,0.598,0.684,0.046,0.15,0.215,0.588,MMA
0.566,0.345,0.553,0.737,0.963,0.77,0.539,0.394,0.534,0.916,0.651,0.721,0.389,0.712,0.552,0.786,0.514,0.63,0.315,0.727,0.506,0.944,0.749,0.826,0.485,0.934,0.612,0.529,0.96,0.775,0.588,0.545,0.916,0.63,0.387,0.631,0.349,0.262,0.253,0.076,0.596,0.076,CE
0.474,0.434,0.386,0.967,0.721,0.872,0.968,0.461,0.616,0.719,0.655,0.683,0.343,0.618,0.438,0.492,0.456,0.44,0.547,0.516,0.627,0.953,0.702,0.924,0.994,0.549,0.761,0.971,0.726,0.791,0.418,0.804,0.719,0.75,0.463,0.552,0.345,0.391,0.564,0.111,0.2,0.125,CS
0.471,0.303,0.464,0.507,0.36,0.351,0.689,0.995,0.771,0.37,0.607,0.501,0.506,0.512,0.494,0.52,0.941,0.639,0.464,0.866,0.732,0.378,0.982,0.719,0.491,0.619,0.514,0.405,0.504,0.47,0.513,0.522,0.37,0.421,0.274,0.351,0.393,0.076,0.537,0.139,0.131,0.194,IT
0.751,0.826,0.754,0.71,0.573,0.685,0.415,0.48,0.433,0.923,0.701,0.905,0.372,0.622,0.481,0.72,0.868,0.863,0.769,0.749,0.849,0.569,0.883,0.81,0.644,0.81,0.703,0.411,0.711,0.5,0.546,0.526,0.923,0.669,0.255,0.347,0.299,0.184,0.219,0.738,0.032,0.011,CS
0.725,0.532,0.612,0.584,0.361,0.373,0.929,0.452,0.676,0.98,0.879,0.851,0.656,0.811,0.773,0.833,0.62,0.662,0.625,0.754,0.711,0.349,0.345,0.44,0.406,0.506,0.51,0.587,0.427,0.5,0.744,0.747,0.98,0.487,0.284,0.508,0.121,0.45,0.196,0.14,0.585,0.078,CE
0.763,0.379,0.549,0.819,0.457,0.656,0.407,0.372,0.394,0.773,0.379,0.659,0.458,0.384,0.362,0.419,0.363,0.451,0.647,0.572,0.7,0.56,0.417,0.443,0.467,0.649,0.516,0.661,0.769,0.77,0.438,0.61,0.773,0.604,0.626,0.624,0.621,0.506,0.522,0.097,0.052,0.329,MMA
0.439,0.359,0.405,0.529,0.829,0.642,0.985,0.831,0.82,0.656,0.694,0.714,0.648,0.638,0.617,0.49,0.962,0.69,0.344,0.417,0.452,0.711,0.845,0.84,0.876,0.685,0.716,0.404,0.702,0.526,0.569,0.609,0.656,0.528,0.2,0.405,0.306,0.369,0.332,0.28,0.375,0.013,CE
0.323,0.805,0.503,0.757,0.683,0.816,0.885,0.589,0.76,0.382,0.57,0.523,0.736,0.639,0.623,0.862,0.491,0.741,0.728,0.561,0.553,0.463,0.922,0.756,0.702,0.626,0.694,0.626,0.751,0.65,0.799,0.611,0.382,0.596,0.435,0.303,0.43,0.258,0.35,0.232,0.077,0.341,IT
0.641,0.422,0.447,0.79,0.906,0.909,0.759,0.399,0.498,0.542,0.898,0.812,0.469,0.833,0.666,0.322,0.68,0.562,0.493,0.928,0.658,0.354,0.412,0.45,0.592,0.858,0.731,0.636,0.865,0.735,0.395,0.679,0.542,0.424,0.244,0.59,0.102,0.33,0.41,0.027,0.256,0.307,CE
0.929,0.457,0.714,0.603,0.568,0.507,0.394,0.886,0.69,0.568,0.88,0.64,0.737,0.908,0.89,0.561,0.822,0.677,0.888,0.672,0.833,0.355,0.713,0.544,0.727,0.787,0.841,0.85,0.454,0.717,0.649,0.724,0.568,0.621,0.135,0.328,0.12,0.308,0.039,0.29,0.639,0.032,CE
0.895,0.859,0.878,0.516,0.584,0.644,0.441,0.706,0.49,0.453,0.834,0.604,0.99,0.651,0.824,0.325,0.97,0.582,0.677,0.577,0.61,0.75,0.763,0.688,0.65,0.853,0.74,0.416,0.519,0.41,0.658,0.584,0.453,0.714,0.19,0.218,0.166,0.33,0.092,0.324,0.532,0.052,CE
0.723,0.995,0.952,0.88,0.486,0.588,0.883,0.339,0.552,0.681,0.425,0.62,0.844,0.829,0.9,0.454,0.81,0.603,0.767,0.385,0.617,0.98,0.331,0.574,0.387,0.601,0.452,0.865,0.632,0.745,0.649,0.824,0.681,0.874,0.18,0.333,0.575,0.642,0.354,0.126,0.122,0.397,MMA
0.846,0.31,0.507,0.449,0.546,0.456,0.768,0.88,0.762,0.694,0.557,0.627,0.735,0.926,0.768,0.361,0.739,0.529,0.414,0.382,0.41,0.51,0.998,0.735,0.449,0.74,0.543,0.646,0.638,0.633,0.548,0.753,0.694,0.462,0.167,0.405,0.443,0.31,0.277,0.042,0.408,0.273,CE
0.533,0.426,0.436,0.533,0.69,0.521,0.94,0.369,0.61,0.377,0.48,0.496,0.731,0.459,0.669,0.86,0.828,0.914,0.734,0.651,0.667,0.457,0.69,0.651,0.716,0.944,0.801,0.787,0.754,0.804,0.796,0.753,0.377,0.596,0.357,0.602,0.52,0.33,0.196,0.047,0.029,0.727,MMA
0.332,0.627,0.465,0.552,0.847,0.749,0.934,0.577,0.768,0.925,0.996,1.0,0.802,0.4,0.506,0.878,0.889,0.932,0.496,0.748,0.585,0.615,0.568,0.674,0.464,0.704,0.556,0.764,0.695,0.814,0.84,0.677,0.925,0.556,0.355,0.398,0.004,0.342,0.047,0.11,0.64,0.203,CE
0.416,0.652,0.565,0.331,0.504,0.48,0.664,0.325,0.451,0.747,0.44,0.659,0.774,0.63,0.785,0.574,0.465,0.552,0.701,0.535,0.587,0.579,0.504,0.583,0.756,0.609,0.662,0.556,0.498,0.444,0.674,0.545,0.747,0.64,0.452,0.511,0.56,0.48,0.105,0.13,0.266,0.499,MMA
0.577,0.961,0.835,0.989,0.913,0.975,0.719,0.391,0.599,0.72,0.655,0.726,0.611,0.667,0.618,0.802,0.914,0.926,0.85,0.31,0.662,0.492,0.922,0.646,0.608,0.825,0.744,0.591,0.775,0.693,0.706,0.629,0.72,0.671,0.21,0.324,0.345,0.384,0.116,0.375,0.082,0.427,MMA
0.302,0.684,0.473,0.512,0.661,0.616,0.976,0.883,0.973,0.635,0.575,0.511,0.551,0.894,0.699,0.623,0.49,0.512,0.343,0.73,0.526,0.724,0.683,0.763,0.826,0.84,0.833,0.548,0.953,0.661,0.587,0.609,0.635,0.534,0.308,0.216,0.425,0.294,0.099,0.326,0.57,0.005,CE
0.804,0.691,0.744,0.596,0.664,0.562,0.376,0.503,0.481,0.712,0.636,0.688,0.691,0.515,0.523,0.928,0.72,0.863,0.625,0.83,0.744,0.338,0.923,0.591,0.397,0.362,0.423,0.793,0.79,0.875,0.81,0.658,0.712,0.482,0.383,0.403,0.364,0.123,0.07,0.135,0.158,0.637,MMA
0.519,0.969,0.674,0.835,0.743,0.852,0.32,0.355,0.251,0.715,0.722,0.8,0.627,0.348,0.429,0.306,0.844,0.638,0.999,0.589,0.697,0.464,0.711,0.68,0.373,0.385,0.419,0.767,0.475,0.684,0.466,0.535,0.715,0.732,0.404,0.338,0.278,0.35,0.045,0.853,0.074,0.028,CS
0.538,0.431,0.49,0.781,0.644,0.744,0.555,0.32,0.532,0.874,0.351,0.602,0.745,0.433,0.605,0.674,0.446,0.488,0.831,0.526,0.627,0.817,0.815,0.771,0.911,0.782,0.815,0.599,0.809,0.646,0.71,0.564,0.874,0.824,0.56,0.624,0.649,0.33,0.186,0.311,0.228,0.275,CE
0.682,0.439,0.543,0.672,0.846,0.79,0.599,0.982,0.712,0.445,0.539,0.438,0.738,0.328,0.468,0.505,0.778,0.717,0.859,0.427,0.656,0.321,0.517,0.48,0.62,0.405,0.5,0.439,0.575,0.504,0.621,0.573,0.445,0.59,0.447,0.29,0.461,0.528,0.073,0.471,0.141,0.315,CS
0.833,0.763,0.797,0.302,0.729,0.487,0.382,0.611,0.544,0.973,0.562,0.776,0.896,0.534,0.643,0.497,0.929,0.645,0.53,0.625,0.647,0.956,0.598,0.864,0.413,0.41,0.501,0.657,0.43,0.541,0.696,0.624,0.973,0.743,0.268,0.313,0.438,0.389,0.25,0.287,0.326,0.138,CE
0.907,0.657,0.803,0.831,0.598,0.629,0.545,0.737,0.579,0.404,0.505,0.361,0.82,0.481,0.576,0.789,0.89,0.744,0.464,0.962,0.69,0.957,0.492,0.668,0.45,0.36,0.484,0.986,0.968,1.0,0.804,0.813,0.404,0.71,0.314,0.303,0.495,0.273,0.38,0.219,0.354,0.047,IT
0.572,0.749,0.735,0.762,0.887,0.82,0.802,0.986,0.825,0.949,0.666,0.836,0.915,0.587,0.734,0.669,0.313,0.491,0.504,0.95,0.644,0.622,0.963,0.873,0.791,0.713,0.708,0.557,0.363,0.517,0.792,0.644,0.949,0.563,0.55,0.133,0.334,0.044,0.153,0.43,0.173,0.244,CE
0.689,0.861,0.717,0.579,0.391,0.4,0.723,0.432,0.49,0.928,0.674,0.728,0.337,0.384,0.355,0.768,0.749,0.687,0.743,0.583,0.656,0.861,0.533,0.626,0.911,0.448,0.639,0.795,0.778,0.847,0.552,0.736,0.928,0.802,0.434,0.354,0.326,0.442,0.131,0.28,0.087,0.502,MMA
0.505,0.782,0.544,0.342,0.603,0.564,0.924,0.996,0.943,0.333,0.514,0.459,0.395,0.51,0.364,0.632,0.446,0.458,0.588,0.546,0.574,0.824,0.379,0.66,0.318,0.61,0.482,0.97,0.702,0.768,0.514,0.8,0.333,0.706,0.522,0.111,0.486,0.538,0.346,0.239,0.31,0.104,CS
0.651,0.405,0.577,0.716,0.355,0.613,0.731,0.521,0.535,0.743,0.561,0.734,0.324,0.327,0.416,0.975,0.319,0.691,0.455,0.791,0.697,0.371,0.467,0.324,0.331,0.321,0.386,0.509,0.645,0.635,0.65,0.63,0.743,0.413,0.677,0.537,0.439,0.371,0.326,0.268,0.006,0.401,IT
0.387,0.835,0.563,0.772,0.752,0.785,0.487,0.487,0.56,0.309,0.427,0.39,0.872,0.551,0.742,0.69,0.345,0.542,0.87,0.995,0.838,0.762,0.59,0.578,0.73,0.386,0.534,0.483,0.553,0.516,0.781,0.452,0.309,0.816,0.552,0.339,0.573,0.208,0.176,0.318,0.108,0.399,MMA
0.898,0.457,0.679,0.754,0.695,0.698,0.75,0.32,0.509,0.673,0.314,0.495,0.758,0.831,0.717,0.993,0.724,0.831,0.474,0.701,0.664,0.664,0.763,0.685,0.572,0.5,0.577,0.551,0.434,0.466,0.876,0.733,0.673,0.569,0.223,0.611,0.686,0.268,0.318,0.222,0.067,0.393,IT
0.352,0.335,0.269,0.382,0.361,0.404,0.721,0.753,0.775,0.83,0.445,0.662,0.706,0.961,0.78,0.341,0.757,0.597,0.498,0.7,0.511,0.972,0.377,0.588,0.331,0.599,0.384,0.821,0.929,0.827,0.524,0.631,0.83,0.735,0.141,0.456,0.555,0.462,0.53,0.023,0.261,0.185,CE
0.46,0.751,0.532,0.902,0.765,0.876,0.955,0.96,0.968,0.647,0.535,0.634,0.677,0.953,0.763,0.517,0.521,0.58,0.369,0.619,0.48,0.351,0.588,0.472,0.346,0.657,0.593,0.985,0.672,0.832,0.597,0.8,0.647,0.36,0.263,0.145,0.465,0.397,0.047,0.823,0.045,0.085,CS
0.302,0.544,0.338,0.821,0.693,0.771,0.501,0.87,0.586,0.534,0.762,0.729,0.464,0.679,0.579,0.912,0.335,0.609,0.428,0.315,0.301,0.984,0.45,0.804,0.444,0.952,0.729,0.379,0.707,0.507,0.688,0.394,0.534,0.706,0.493,0.293,0.238,0.617,0.179,0.215,0.203,0.404,MMA
0.838,0.53,0.769,0.957,0.328,0.546,0.598,0.713,0.611,0.482,0.775,0.649,0.417,0.919,0.704,0.554,0.779,0.589,0.628,0.418,0.431,0.537,0.406,0.498,0.772,0.404,0.493,0.855,0.301,0.547,0.486,0.764,0.482,0.582,0.151,0.379,0.225,0.588,0.124,0.31,0.331,0.235,CS
0.473,0.804,0.588,0.45,0.683,0.602,0.337,0.342,0.396,0.902,0.723,0.798,0.892,0.81,0.867,0.524,0.439,0.465,0.501,0.537,0.522,0.418,0.864,0.57,0.637,0.822,0.726,0.553,0.632,0.662,0.708,0.454,0.902,0.46,0.375,0.427,0.277,0.3,0.642,0.138,0.218,0.002,IT
0.916,0.968,0.957,0.828,0.659,0.701,0.897,0.718,0.823,0.761,0.899,0.877,0.448,0.627,0.633,0.688,0.957,0.885,0.766,0.545,0.616,0.75,0.603,0.736,0.832,0.518,0.716,0.646,0.526,0.569,0.568,0.82,0.761,0.758,0.208,0.157,0.101,0.426,0.65,0.128,0.098,0.125,IT
0.45,0.681,0.495,0.872,0.458,0.685,0.388,0.985,0.677,0.876,0.838,0.9,0.879,0.37,0.66,0.486,0.85,0.759,0.931,0.38,0.63,0.555,0.386,0.39,0.569,0.994,0.796,0.735,0.63,0.715,0.682,0.524,0.876,0.743,0.39,0.167,0.162,0.617,0.658,0.186,0.014,0.142,IT
0.995,0.571,0.802,0.375,0.399,0.462,0.51,0.514,0.489,0.977,0.359,0.732,0.539,0.895,0.815,0.544,0.391,0.396,0.831,0.401,0.568,0.443,0.549,0.411,0.9,0.902,0.883,0.728,0.749,0.789,0.542,0.744,0.977,0.637,0.357,0.458,0.641,0.525,0.201,0.195,0.273,0.332,CE
0.543,0.531,0.491,0.684,0.552,0.626,0.584,0.886,0.65,0.701,0.703,0.678,0.595,0.86,0.684,0.91,0.927,0.949,0.841,0.729,0.79,0.977,0.498,0.668,0.501,0.73,0.553,0.936,0.588,0.832,0.752,0.688,0.701,0.909,0.107,0.292,0.297,0.387,0.281,0.368,0.06,0.292,MMA
0.643,0.962,0.781,0.748,0.599,0.583,0.652,0.346,0.576,0.827,0.565,0.724,0.378,0.792,0.65,0.875,0.499,0.64,0.665,0.977,0.905,0.552,0.846,0.783,0.483,0.881,0.636,0.54,0.439,0.491,0.626,0.612,0.827,0.608,0.355,0.346,0.435,0.089,0.612,0.248,0.044,0.096,IT
0.694,0.708,0.716,0.354,0.828,0.673,0.657,0.803,0.813,0.75,0.772,0.805,0.482,0.708,0.664,0.507,0.928,0.742,0.596,0.736,0.647,0.887,0.638,0.842,0.657,0.762,0.809,0.403,0.816,0.537,0.494,0.585,0.75,0.742,0.182,0.244,0.228,0.313,0.243,0.121,0.37,0.267,CE
0.352,0.396,0.394,0.663,0.418,0.466,0.695,0.334,0.589,0.865,0.85,0.761,0.333,0.685,0.608,0.54,0.541,0.467,0.772,0.753,0.683,0.627,0.767,0.696,0.772,0.871,0.859,0.731,0.898,0.895,0.436,0.593,0.865,0.7,0.387,0.635,0.15,0.24,0.188,0.072,0.648,0.092,CE
0.95,0.316,0.717,0.712,0.842,0.757,0.994,0.459,0.68,0.336,0.958,0.638,0.772,0.781,0.852,0.765,0.693,0.771,0.826,0.43,0.55,0.352,0.562,0.457,0.731,0.971,0.817,0.833,0.672,0.696,0.768,0.926,0.336,0.589,0.263,0.612,0.042,0.504,0.183,0.655,0.025,0.136,CS
0.336,0.525,0.455,0.889,0.811,0.843,0.936,0.512,0.775,0.632,0.929,0.84,0.931,0.45,0.724,0.817,0.82,0.819,0.308,0.483,0.36,0.896,0.889,0.813,0.965,0.428,0.679,0.451,0.902,0.726,0.874,0.574,0.632,0.602,0.365,0.482,0.071,0.314,0.192,0.505,0.09,0.212,IT
0.564,0.467,0.591,0.775,0.496,0.584,0.313,0.543,0.433,0.494,0.79,0.625,0.521,0.957,0.692,0.579,0.568,0.521,0.452,0.512,0.555,0.837,0.777,0.798,0.655,0.487,0.486,0.532,0.647,0.501,0.55,0.47,0.494,0.644,0.238,0.495,0.21,0.355,0.068,0.225,0.338,0.369,MMA
0.383,0.458,0.373,0.347,0.528,0.352,0.792,0.57,0.647,0.389,0.459,0.37,0.99,0.885,0.84,0.732,0.479,0.526,0.794,0.392,0.582,0.743,0.688,0.811,0.85,0.842,0.817,0.306,0.814,0.66,0.861,0.494,0.389,0.768,0.318,0.486,0.541,0.46,0.099,0.805,0.029,0.067,CS
0.42,0.633,0.585,0.538,0.934,0.745,0.626,0.851,0.659,0.842,0.47,0.612,0.72,0.931,0.841,0.754,0.844,0.751,0.879,0.593,0.671,0.545,0.472,0.454,0.498,0.427,0.496,0.706,0.754,0.699,0.737,0.584,0.842,0.712,0.113,0.258,0.53,0.468,0.529,0.05,0.305,0.116,IT
0.669,0.527,0.656,0.924,0.82,0.807,0.492,0.944,0.705,0.959,0.575,0.857,0.948,0.762,0.757,0.58,0.938,0.836,0.431,0.579,0.572,0.705,0.893,0.864,0.935,0.382,0.588,0.358,0.955,0.651,0.764,0.506,0.959,0.568,0.15,0.264,0.425,0.264,0.026,0.152,0.17,0.651,CE
0.815,0.783,0.703,0.937,0.451,0.72,0.343,0.357,0.252,0.696,0.741,0.628,0.503,0.896,0.62,0.452,0.597,0.593,0.478,0.998,0.709,0.571,0.385,0.514,0.47,0.74,0.55,0.572,0.9,0.783,0.478,0.577,0.696,0.524,0.254,0.43,0.259,0.308,0.077,0.427,0.452,0.043,CE
0.626,0.482,0.548,0.844,0.411,0.552,0.489,0.967,0.777,0.314,0.581,0.399,0.747,0.622,0.777,0.453,0.711,0.622,0.878,0.585,0.769,0.512,0.605,0.638,0.965,0.803,0.859,0.874,0.318,0.517,0.6,0.663,0.314,0.695,0.334,0.276,0.419,0.405,0.216,0.069,0.602,0.114,MMA
0.601,0.775,0.741,0.633,0.45,0.596,0.524,0.423,0.5,0.363,0.98,0.698,0.99,0.537,0.858,0.402,0.328,0.272,0.625,0.358,0.494,0.529,0.535,0.559,0.414,0.837,0.642,0.94,0.555,0.844,0.696,0.688,0.363,0.577,0.568,0.401,0.02,0.554,0.148,0.624,0.005,0.224,CS
0.872,0.337,0.62,0.861,0.693,0.69,0.785,0.342,0.627,0.33,0.396,0.318,0.743,0.983,0.787,0.4,0.558,0.546,0.627,0.525,0.588,0.482,0.581,0.498,0.863,0.947,0.957,0.607,0.653,0.555,0.572,0.755,0.33,0.554,0.23,0.66,0.604,0.447,0.284,0.188,0.482,0.046,CS
0.832,0.779,0.759,0.767,0.947,0.941,0.804,0.334,0.643,0.76,0.517,0.576,0.381,0.335,0.409,0.465,0.317,0.37,0.638,0.418,0.437,0.432,0.775,0.52,0.689,0.402,0.485,0.575,0.371,0.408,0.423,0.737,0.76,0.535,0.674,0.444,0.483,0.403,0.187,0.175,0.604,0.034,CE
0.902,0.871,0.94,0.517,0.876,0.633,0.387,0.331,0.447,0.516,0.942,0.683,0.935,0.933,1.0,0.647,0.906,0.867,0.527,0.593,0.604,0.51,0.828,0.584,0.666,0.386,0.485,0.481,0.887,0.623,0.791,0.59,0.516,0.518,0.081,0.399,0.058,0.29,0.394,0.377,0.165,0.064,IT
0.459,0.625,0.444,0.672,0.967,0.75,0.701,0.973,0.909,0.895,0.875,0.847,0.923,0.959,0.94,0.548,0.59,0.536,0.449,0.733,0.603,0.624,0.367,0.555,0.422,0.38,0.426,0.579,0.342,0.432,0.736,0.58,0.895,0.536,0.226,0.201,0.125,0.45,0.477,0.308,0.146,0.069,IT
0.742,0.921,0.861,0.869,0.665,0.811,0.927,0.841,0.966,0.602,0.933,0.792,0.909,0.328,0.65,0.894,0.422,0.69,0.877,0.502,0.671,0.699,0.663,0.589,0.369,0.37,0.322,0.472,0.82,0.66,0.902,0.714,0.602,0.788,0.625,0.119,0.067,0.418,0.561,0.028,0.258,0.152,IT
0.895,0.795,0.919,0.332,0.805,0.577,0.878,0.655,0.774,0.336,0.768,0.507,0.314,0.347,0.422,0.542,0.908,0.817,0.96,0.917,1.0,0.502,0.406,0.482,0.642,0.369,0.541,0.694,0.904,0.821,0.428,0.822,0.336,0.731,0.373,0.275,0.232,0.338,0.166,0.113,0.121,0.6,MMA
0.397,0.612,0.536,0.603,0.498,0.508,0.464,0.541,0.576,0.654,0.468,0.538,0.374,0.933,0.635,0.986,0.543,0.832,0.479,0.353,0.323,0.724,0.518,0.61,0.873,0.474,0.635,0.892,0.645,0.834,0.68,0.584,0.654,0.601,0.262,0.424,0.532,0.564,0.129,0.14,0.05,0.681,MMA
0.928,0.989,0.939,0.873,0.59,0.723,0.881,0.424,0.597,0.52,0.852,0.661,0.551,0.999,0.752,0.473,0.736,0.665,0.349,0.733,0.448,0.668,0.48,0.535,0.627,0.949,0.83,0.956,0.762,0.76,0.512,0.922,0.52,0.508,0.133,0.294,0.148,0.393,0.04,0.307,0.134,0.519,CS
0.409,0.508,0.431,0.529,0.476,0.491,0.75,0.518,0.55,0.796,0.621,0.72,0.619,0.923,0.783,0.946,0.657,0.76,0.549,0.665,0.613,0.781,0.457,0.651,0.845,0.774,0.806,0.994,0.583,0.71,0.782,0.718,0.796,0.665,0.21,0.487,0.379,0.439,0.506,0.07,0.367,0.058,IT
0.312,0.412,0.337,0.375,0.438,0.459,0.839,0.872,0.924,0.594,0.907,0.756,0.629,0.803,0.659,0.853,0.601,0.652,0.384,0.415,0.478,0.994,0.55,0.73,0.453,0.877,0.607,0.947,0.767,0.936,0.741,0.699,0.594,0.689,0.298,0.358,0.093,0.518,0.171,0.248,0.204,0.376,MMA
0.885,0.713,0.825,0.945,0.951,0.981,0.305,0.373,0.411,0.359,0.449,0.35,0.72,0.704,0.67,0.445,0.835,0.727,0.337,0.393,0.394,0.863,0.854,0.902,0.921,0.452,0.608,0.731,0.876,0.82,0.582,0.64,0.359,0.6,0.231,0.457,0.551,0.377,0.536,0.258,0.196,0.01,IT
0.375,0.849,0.552,0.32,0.938,0.707,0.453,0.846,0.559,0.5,0.737,0.671,0.307,0.528,0.361,0.999,0.77,0.866,0.353,0.719,0.564,0.871,0.502,0.783,0.608,0.507,0.527,0.664,0.956,0.857,0.653,0.497,0.5,0.612,0.351,0.153,0.263,0.389,0.454,0.094,0.085,0.368,IT
0.81,0.826,0.763,0.37,0.569,0.553,0.682,0.524,0.568,0.392,0.631,0.57,0.978,0.651,0.748,0.778,0.83,0.718,0.895,0.881,0.882,0.692,0.799,0.781,0.312,0.386,0.281,0.829,0.608,0.728,0.878,0.774,0.392,0.794,0.26,0.325,0.369,0.16,0.383,0.108,0.358,0.151,IT
0.564,0.533,0.642,0.84,0.314,0.669,0.843,0.404,0.539,0.516,0.737,0.65,0.493,0.612,0.495,0.335,0.662,0.468,0.68,0.963,0.75,0.301,0.354,0.32,0.795,0.707,0.75,0.548,0.517,0.508,0.414,0.652,0.516,0.491,0.363,0.532,0.263,0.342,0.273,0.053,0.426,0.247,CE
0.488,0.651,0.662,0.314,0.44,0.367,0.747,0.449,0.684,0.75,0.914,0.798,0.88,0.565,0.673,0.938,0.365,0.74,0.621,0.995,0.816,0.83,0.305,0.567,0.816,0.848,0.764,0.593,0.593,0.514,0.909,0.609,0.75,0.726,0.535,0.45,0.086,0.35,0.186,0.522,0.113,0.18,IT
0.973,0.322,0.666,0.82,0.833,0.87,0.809,0.341,0.582,0.848,0.366,0.509,0.87,0.799,0.817,0.958,0.837,0.991,0.951,0.637,0.845,0.768,0.868,0.876,0.407,0.464,0.389,0.873,0.868,0.869,0.914,0.885,0.848,0.859,0.182,0.668,0.634,0.248,0.285,0.575,0.123,0.017,CS
0.638,0.94,0.847,0.557,0.345,0.478,0.884,0.765,0.81,0.386,0.938,0.617,0.457,0.871,0.76,0.762,0.737,0.714,0.314,0.434,0.391,0.406,0.919,0.6,0.665,0.658,0.683,0.529,0.911,0.709,0.61,0.684,0.386,0.36,0.196,0.147,0.062,0.324,0.363,0.305,0.038,0.294,CS
0.685,0.929,0.883,0.406,0.357,0.34,0.991,0.315,0.687,0.726,0.753,0.683,0.459,0.601,0.449,0.352,0.362,0.372,0.578,0.506,0.505,0.445,0.588,0.457,0.789,0.387,0.677,0.363,0.96,0.728,0.406,0.68,0.726,0.511,0.518,0.378,0.247,0.453,0.291,0.621,0.038,0.049,CS
0.477,0.471,0.436,0.703,0.32,0.488,0.472,0.725,0.696,0.662,0.598,0.604,0.849,0.35,0.692,0.593,0.52,0.651,0.955,0.749,0.756,0.824,0.535,0.657,0.411,0.666,0.588,0.491,0.957,0.663,0.721,0.48,0.662,0.89,0.565,0.402,0.402,0.358,0.011,0.171,0.313,0.505,MMA
0.837,0.44,0.734,0.944,0.414,0.691,0.689,0.61,0.746,0.342,0.739,0.481,0.669,0.846,0.707,0.575,0.966,0.823,0.701,0.455,0.563,0.842,0.874,0.807,0.763,0.367,0.47,0.684,0.457,0.486,0.622,0.737,0.342,0.772,0.094,0.475,0.261,0.336,0.28,0.147,0.34,0.233,MMA
0.811,0.515,0.616,0.721,0.44,0.643,0.666,0.459,0.588,0.962,0.357,0.581,0.891,0.377,0.542,0.544,0.627,0.599,0.655,0.939,0.851,0.989,0.634,0.728,0.969,0.303,0.691,0.322,0.833,0.665,0.718,0.6,0.962,0.822,0.498,0.513,0.643,0.214,0.29,0.162,0.151,0.398,MMA
0.42,0.771,0.569,0.526,0.623,0.583,0.399,0.795,0.674,0.495,0.426,0.513,0.428,0.329,0.403,0.468,0.42,0.54,0.504,0.932,0.654,0.873,0.651,0.678,0.814,0.924,0.802,0.808,0.612,0.76,0.448,0.542,0.495,0.688,0.626,0.217,0.574,0.208,0.593,0.013,0.093,0.301,MMA
0.954,0.539,0.772,0.308,0.798,0.574,0.801,0.933,0.796,0.483,0.997,0.671,0.804,0.808,0.843,0.459,0.451,0.488,0.43,0.763,0.595,0.571,0.51,0.63,0.656,0.693,0.764,0.758,0.97,0.785,0.632,0.838,0.483,0.5,0.37,0.264,0.003,0.363,0.319,0.069,0.283,0.329,CS
0.49,0.586,0.583,0.369,0.829,0.521,0.94,0.493,0.732,0.382,0.489,0.416,0.641,0.3,0.548,0.305,0.842,0.568,0.667,0.446,0.578,0.676,0.415,0.493,0.347,0.346,0.249,0.454,0.776,0.578,0.473,0.628,0.382,0.672,0.429,0.46,0.511,0.57,0.228,0.077,0.466,0.228,MMA
0.773,0.819,0.813,0.493,0.656,0.525,0.932,0.836,0.883,0.976,0.683,0.795,0.367,0.681,0.596,0.907,0.723,0.794,0.755,0.833,0.777,0.633,0.776,0.78,0.854,0.316,0.51,0.897,0.884,0.868,0.637,0.867,0.976,0.694,0.298,0.173,0.317,0.196,0.122,0.328,0.337,0.212,CE
0.447,0.811,0.549,0.926,0.404,0.698,0.727,0.844,0.796,0.342,0.794,0.545,0.524,0.994,0.777,0.798,0.668,0.787,0.826,0.76,0.893,0.622,0.794,0.768,0.563,0.62,0.685,0.323,0.535,0.426,0.661,0.499,0.342,0.724,0.169,0.172,0.206,0.223,0.001,0.783,0.115,0.102,CS
0.874,0.495,0.716,0.875,0.855,0.921,0.362,0.356,0.32,0.325,0.65,0.467,0.69,0.509,0.597,0.534,0.437,0.515,0.771,0.88,0.901,0.793,0.781,0.699,0.377,0.869,0.569,0.549,0.402,0.414,0.612,0.595,0.325,0.782,0.527,0.574,0.35,0.169,0.584,0.119,0.233,0.064,IT
0.775,0.81,0.765,0.849,0.468,0.697,0.811,0.978,0.841,0.366,0.484,0.349,0.419,0.534,0.459,0.933,0.437,0.779,0.867,0.917,0.978,0.827,0.852,0.827,0.657,0.953,0.781,0.329,0.834,0.596,0.676,0.638,0.366,0.847,0.514,0.106,0.516,0.115,0.558,0.026,0.321,0.094,IT
0.932,0.377,0.723,0.362,0.318,0.287,0.533,0.739,0.562,0.606,0.443,0.596,0.331,0.549,0.467,0.939,0.908,1.0,0.344,0.889,0.672,0.932,0.518,0.807,0.582,0.744,0.648,0.599,0.683,0.612,0.635,0.688,0.606,0.638,0.271,0.442,0.557,0.296,0.392,0.25,0.292,0.065,IT
0.979,0.762,0.81,0.825,0.422,0.536,0.669,0.687,0.616,0.544,0.962,0.71,0.409,0.995,0.662,0.776,0.462,0.629,0.57,0.973,0.758,0.709,0.961,0.933,0.371,0.884,0.604,0.716,0.563,0.62,0.592,0.788,0.544,0.64,0.271,0.275,0.038,0.033,0.085,0.42,0.391,0.104,CS
0.679,0.981,0.873,0.637,0.941,0.804,0.395,0.683,0.475,0.837,0.977,0.879,0.604,0.595,0.557,0.856,0.732,0.707,0.887,0.431,0.755,0.564,0.732,0.563,0.541,0.862,0.697,0.933,0.703,0.904,0.73,0.669,0.837,0.726,0.336,0.168,0.023,0.418,0.556,0.083,0.114,0.247,IT
0.455,0.903,0.697,0.808,0.356,0.635,0.518,0.864,0.692,0.492,0.967,0.783,0.99,0.555,0.802,0.728,0.781,0.662,0.504,0.937,0.705,0.972,0.449,0.81,0.788,0.843,0.795,0.935,0.682,0.845,0.859,0.636,0.492,0.738,0.332,0.117,0.033,0.307,0.029,0.293,0.62,0.058,CE
0.816,0.318,0.652,0.988,0.548,0.689,0.761,0.321,0.537,0.49,0.631,0.464,0.336,0.311,0.347,0.692,0.463,0.607,0.919,0.494,0.773,0.764,0.324,0.519,0.655,0.812,0.691,0.988,0.779,0.858,0.514,0.855,0.49,0.842,0.613,0.68,0.369,0.591,0.062,0.121,0.404,0.413,MMA
0.837,0.808,0.763,0.716,0.314,0.495,0.835,0.58,0.774,0.983,0.725,0.783,0.566,0.307,0.457,0.875,0.741,0.865,0.86,0.896,0.831,0.91,0.758,0.792,0.991,0.965,0.993,0.89,0.483,0.67,0.72,0.854,0.983,0.885,0.476,0.306,0.275,0.173,0.109,0.394,0.368,0.129,CE
0.771,0.382,0.489,0.569,0.587,0.542,0.481,0.537,0.442,0.582,0.933,0.703,0.779,0.399,0.56,0.525,0.956,0.726,0.783,0.722,0.681,0.958,0.542,0.659,0.51,0.535,0.441,0.734,0.543,0.664,0.652,0.662,0.582,0.87,0.322,0.54,0.067,0.368,0.001,0.76,0.035,0.204,CS
0.801,0.42,0.533,0.407,0.473,0.373,0.772,0.595,0.691,0.333,0.903,0.552,0.552,0.35,0.379,0.766,0.785,0.811,0.686,0.967,0.828,0.615,0.473,0.464,0.684,0.52,0.607,0.444,0.887,0.765,0.659,0.672,0.333,0.651,0.432,0.493,0.097,0.28,0.04,0.188,0.21,0.563,MMA
0.54,0.829,0.63,0.737,0.793,0.814,0.445,0.894,0.654,0.451,0.68,0.638,0.977,0.824,0.801,0.394,0.353,0.294,0.568,0.537,0.475,0.918,0.731,0.883,0.56,0.587,0.537,0.607,0.727,0.666,0.686,0.531,0.451,0.743,0.412,0.139,0.32,0.366,0.362,0.458,0.126,0.054,IT
0.962,0.815,0.916,0.822,0.353,0.501,0.407,0.403,0.389,0.41,0.898,0.67,0.558,0.349,0.471,0.382,0.82,0.661,0.681,0.405,0.6,0.515,0.456,0.48,0.946,0.508,0.808,0.338,0.358,0.388,0.47,0.569,0.41,0.598,0.416,0.391,0.102,0.57,0.185,0.333,0.128,0.353,MMA
0.496,0.815,0.696,0.968,0.807,0.927,0.786,0.918,0.811,0.51,0.819,0.61,0.938,0.674,0.766,0.843,0.519,0.774,0.988,0.767,0.8,0.484,0.661,0.643,0.429,0.373,0.316,0.655,0.919,0.696,0.89,0.646,0.51,0.736,0.403,0.133,0.181,0.286,0.05,0.245,0.363,0.342,MMA
0.85,0.391,0.6,0.989,0.992,1.0,0.796,0.966,0.871,0.396,0.768,0.674,0.788,0.862,0.81,0.368,0.418,0.489,0.645,0.308,0.568,0.648,0.885,0.777,0.371,0.731,0.651,0.324,0.889,0.554,0.578,0.657,0.396,0.647,0.36,0.322,0.232,0.403,0.126,0.118,0.578,0.177,CE
0.613,0.873,0.653,0.361,0.315,0.375,0.668,0.913,0.79,0.455,0.864,0.618,0.955,0.475,0.649,0.645,0.335,0.398,0.647,0.451,0.451,0.507,0.634,0.55,0.395,0.706,0.592,0.773,0.576,0.602,0.8,0.685,0.455,0.577,0.595,0.107,0.136,0.458,0.184,0.589,0.168,0.058,CS
0.365,0.961,0.712,0.519,0.507,0.592,0.424,0.675,0.592,0.577,0.328,0.398,0.931,0.666,0.862,0.689,0.961,0.907,0.638,0.523,0.601,0.772,0.649,0.775,0.428,0.534,0.518,0.473,0.608,0.633,0.81,0.421,0.577,0.705,0.186,0.182,0.672,0.414,0.151,0.456,0.196,0.197,IT
0.714,0.4,0.561,0.477,0.999,0.691,0.461,0.737,0.601,0.315,0.391,0.415,0.639,0.402,0.513,0.477,0.457,0.558,0.553,0.333,0.537,0.856,0.478,0.649,0.904,0.55,0.74,0.674,0.581,0.656,0.558,0.616,0.315,0.704,0.57,0.432,0.609,0.594,0.26,0.009,0.683,0.049,CE
0.625,0.706,0.706,0.588,0.815,0.627,0.757,0.878,0.896,0.706,0.519,0.545,0.542,0.678,0.549,0.967,0.928,0.854,0.693,0.853,0.722,0.667,0.584,0.565,0.73,0.996,0.836,0.687,0.529,0.683,0.754,0.69,0.706,0.68,0.197,0.208,0.481,0.282,0.429,0.042,0.494,0.035,IT
0.367,0.757,0.539,0.672,0.757,0.625,0.505,0.623,0.517,0.334,0.361,0.408,0.938,0.407,0.622,0.757,0.968,0.822,0.899,0.654,0.868,0.395,0.982,0.677,0.967,0.621,0.8,0.863,0.806,0.859,0.847,0.578,0.334,0.647,0.312,0.31,0.639,0.182,0.106,0.309,0.583,0.002,IT
0.711,0.906,0.839,0.861,0.927,0.944,0.802,0.975,0.961,0.871,0.36,0.563,0.69,0.797,0.704,0.365,0.518,0.496,0.914,0.939,0.902,0.561,0.585,0.548,0.766,0.551,0.563,0.607,0.457,0.438,0.528,0.707,0.871,0.738,0.342,0.06,0.64,0.238,0.355,0.128,0.336,0.181,CE
0.723,0.994,0.868,0.753,0.943,0.823,0.417,0.498,0.438,0.752,0.303,0.598,0.353,0.93,0.732,0.993,0.867,0.858,0.794,0.442,0.698,0.522,0.529,0.609,0.309,0.436,0.357,0.791,0.753,0.806,0.673,0.644,0.752,0.658,0.101,0.254,0.697,0.514,0.495,0.03,0.173,0.302,IT
0.745,0.614,0.583,0.342,0.383,0.331,0.382,0.598,0.426,0.845,0.91,0.856,0.658,0.967,0.82,0.997,0.399,0.77,0.648,0.316,0.576,0.976,0.568,0.863,0.399,0.776,0.526,0.473,0.846,0.635,0.828,0.533,0.845,0.812,0.317,0.394,0.09,0.558,0.004,0.274,0.133,0.589,MMA
0.436,0.89,0.616,0.575,0.509,0.571,0.371,0.635,0.47,0.919,0.351,0.701,0.417,0.362,0.33,0.372,0.665,0.616,0.324,0.623,0.451,0.538,0.532,0.614,0.313,0.842,0.528,0.568,0.594,0.542,0.394,0.458,0.919,0.431,0.486,0.238,0.649,0.422,0.043,0.053,0.154,0.75,CE
0.394,0.82,0.565,0.918,0.6,0.693,0.99,0.424,0.72,0.699,0.561,0.72,0.891,0.881,0.981,0.62,0.368,0.547,0.567,0.433,0.497,0.948,0.42,0.754,0.593,0.396,0.564,0.979,0.504,0.702,0.756,0.788,0.699,0.758,0.375,0.378,0.439,0.574,0.203,0.689,0.004,0.104,CS
0.794,0.584,0.655,0.911,0.942,1.0,0.491,0.939,0.762,0.408,0.727,0.473,0.796,0.813,0.863,0.421,0.74,0.516,0.963,0.773,0.787,0.431,0.764,0.593,0.815,0.497,0.688,0.424,0.681,0.644,0.608,0.57,0.408,0.697,0.224,0.239,0.273,0.232,0.174,0.009,0.787,0.03,CE
0.803,0.673,0.697,0.424,0.424,0.496,0.911,0.626,0.689,0.919,0.641,0.768,0.585,0.556,0.576,0.723,0.627,0.754,0.522,0.705,0.574,0.827,0.371,0.537,0.861,0.428,0.67,0.979,0.666,0.76,0.654,0.898,0.919,0.674,0.408,0.351,0.359,0.462,0.101,0.452,0.113,0.335,CS
0.844,0.651,0.804,0.522,0.661,0.629,0.418,0.492,0.485,0.759,0.645,0.761,0.637,0.917,0.824,0.52,0.577,0.582,0.926,0.425,0.679,0.383,0.496,0.477,0.354,0.764,0.639,0.979,0.452,0.765,0.578,0.747,0.759,0.655,0.253,0.428,0.355,0.54,0.453,0.017,0.093,0.437,MMA
0.442,0.954,0.703,0.37,0.615,0.458,0.498,0.679,0.585,0.637,0.362,0.56,0.637,0.875,0.821,0.522,0.303,0.495,0.832,0.375,0.644,0.314,0.319,0.322,0.367,0.975,0.75,0.755,0.345,0.515,0.58,0.565,0.637,0.573,0.411,0.184,0.638,0.653,0.214,0.303,0.085,0.398,MMA
0.605,0.963,0.871,0.696,0.751,0.651,0.456,0.931,0.733,0.433,0.699,0.653,0.542,0.43,0.574,0.623,0.592,0.561,0.924,0.892,0.889,0.321,0.613,0.403,0.4,0.575,0.407,0.97,0.333,0.632,0.582,0.677,0.433,0.622,0.489,0.053,0.301,0.248,0.08,0.526,0.037,0.357,CS
0.841,0.965,0.943,0.37,0.362,0.412,0.451,0.613,0.627,0.874,0.893,0.955,0.734,0.821,0.749,0.999,0.496,0.765,0.497,0.378,0.451,0.547,0.708,0.64,0.68,0.386,0.521,0.868,0.521,0.683,0.866,0.72,0.874,0.522,0.342,0.211,0.107,0.457,0.177,0.517,0.278,0.028,CS
0.906,0.882,0.945,0.626,0.83,0.724,0.816,0.916,0.944,0.618,0.902,0.68,0.371,0.684,0.558,0.407,0.631,0.438,0.721,0.899,0.858,0.565,0.996,0.813,0.871,0.769,0.918,0.875,0.664,0.743,0.389,0.866,0.618,0.643,0.342,0.101,0.098,0.052,0.332,0.259,0.288,0.122,CS
0.6,0.691,0.713,0.834,0.383,0.558,0.319,0.306,0.257,0.86,0.933,0.875,0.694,0.794,0.835,0.939,0.34,0.589,0.334,0.732,0.575,0.516,0.898,0.697,0.999,0.3,0.571,0.511,0.318,0.471,0.816,0.477,0.86,0.425,0.433,0.502,0.067,0.185,0.03,0.776,0.03,0.164,CS
0.889,0.966,0.91,0.979,0.739,0.842,0.862,0.507,0.638,0.76,0.573,0.594,0.347,0.851,0.634,0.588,0.927,0.74,0.797,0.936,0.935,0.658,0.776,0.7,0.753,0.48,0.604,0.447,0.327,0.404,0.467,0.733,0.76,0.728,0.111,0.264,0.427,0.144,0.699,0.009,0.076,0.216,IT
0.766,0.42,0.504,0.663,0.873,0.675,0.545,0.764,0.581,0.465,0.675,0.661,0.501,0.641,0.551,0.928,0.35,0.652,0.892,0.992,0.982,0.566,0.588,0.547,0.723,0.818,0.834,0.592,0.802,0.78,0.714,0.634,0.465,0.729,0.504,0.408,0.325,0.21,0.459,0.22,0.183,0.137,IT
0.428,0.387,0.405,0.412,0.704,0.587,0.668,0.325,0.408,0.379,0.408,0.491,0.541,0.504,0.433,0.745,0.757,0.686,0.943,0.86,0.848,0.64,0.621,0.6,0.872,0.376,0.607,0.6,0.628,0.686,0.643,0.565,0.379,0.792,0.369,0.644,0.592,0.26,0.163,0.072,0.638,0.127,MMA
0.352,0.599,0.419,0.553,0.482,0.436,0.692,0.319,0.599,0.539,0.787,0.725,0.495,0.824,0.726,0.469,0.995,0.636,0.452,0.846,0.588,0.789,0.899,0.936,0.632,0.98,0.788,0.453,0.66,0.586,0.482,0.499,0.539,0.62,0.091,0.541,0.213,0.127,0.224,0.306,0.197,0.272,MMA
0.967,0.65,0.759,0.831,0.536,0.747,0.34,0.533,0.355,0.36,0.761,0.537,0.91,0.661,0.745,0.805,0.737,0.831,0.751,0.417,0.618,0.574,0.624,0.683,0.552,0.728,0.613,0.366,0.617,0.511,0.858,0.558,0.36,0.662,0.301,0.408,0.239,0.48,0.189,0.179,0.621,0.011,IT
0.507,0.868,0.772,0.589,0.922,0.695,0.455,0.892,0.754,0.456,0.342,0.317,0.483,0.833,0.66,0.619,0.709,0.742,0.363,0.786,0.66,0.449,0.886,0.707,0.31,0.462,0.407,0.652,0.67,0.607,0.551,0.538,0.456,0.406,0.229,0.12,0.658,0.164,0.471,0.13,0.207,0.193,IT
0.77,0.363,0.508,0.44,0.376,0.35,0.725,0.813,0.801,0.633,0.337,0.576,0.418,0.768,0.675,0.788,0.453,0.584,0.321,0.729,0.548,0.808,0.308,0.621,0.817,0.399,0.577,0.747,0.647,0.62,0.603,0.747,0.633,0.564,0.389,0.412,0.663,0.482,0.046,0.772,0.086,0.096,CS
0.882,0.728,0.826,0.636,0.698,0.687,0.977,0.456,0.66,0.34,0.761,0.56,0.378,0.555,0.402,0.532,0.966,0.786,0.305,0.477,0.293,0.8,0.629,0.813,0.814,0.663,0.799,0.793,0.471,0.638,0.455,0.884,0.34,0.552,0.24,0.408,0.239,0.447,0.436,0.322,0.106,0.136,CS
0.497,0.307,0.485,0.78,0.783,0.796,0.783,0.987,0.862,0.799,0.552,0.746,0.901,0.932,0.817,0.509,0.394,0.442,0.647,0.479,0.608,0.489,0.898,0.629,0.557,0.736,0.667,0.355,0.892,0.643,0.705,0.545,0.799,0.568,0.337,0.353,0.448,0.312,0.281,0.278,0.109,0.333,IT
0.894,0.971,1.0,0.875,0.629,0.694,0.937,0.806,0.828,0.539,0.78,0.655,0.357,0.399,0.427,0.53,0.655,0.646,0.826,0.417,0.541,0.714,0.819,0.696,0.56,0.909,0.824,0.618,0.356,0.438,0.444,0.816,0.539,0.77,0.473,0.111,0.22,0.382,0.127,0.13,0.325,0.418,MMA
0.386,0.923,0.678,0.718,0.991,0.88,0.95,0.5,0.673,0.662,0.656,0.604,0.79,0.321,0.593,0.62,0.782,0.697,0.984,0.534,0.856,0.345,0.779,0.553,0.875,0.853,0.924,0.366,0.876,0.564,0.705,0.567,0.662,0.664,0.448,0.288,0.344,0.343,0.011,0.108,0.286,0.595,MMA
0.453,0.379,0.445,0.989,0.721,0.893,0.693,0.848,0.865,0.681,0.592,0.708,0.979,0.39,0.7,0.855,0.673,0.746,0.759,0.489,0.594,0.995,0.746,0.945,0.865,0.757,0.879,0.501,0.746,0.642,0.917,0.549,0.681,0.877,0.468,0.387,0.408,0.383,0.535,0.101,0.178,0.185,IT
0.721,0.981,0.942,0.459,0.513,0.393,0.579,0.884,0.815,0.466,0.486,0.42,0.545,0.863,0.734,0.85,0.708,0.731,0.46,0.306,0.439,0.893,0.838,0.78,0.834,0.332,0.504,0.608,0.633,0.684,0.698,0.636,0.466,0.676,0.215,0.068,0.514,0.428,0.6,0.088,0.135,0.177,IT
0.387,0.501,0.49,0.469,0.885,0.671,0.526,0.589,0.599,0.662,0.305,0.568,0.346,0.957,0.557,0.84,0.674,0.758,0.351,0.467,0.465,0.924,0.67,0.768,0.342,0.778,0.515,0.339,0.766,0.549,0.593,0.417,0.662,0.638,0.184,0.455,0.695,0.432,0.009,0.084,0.86,0.047,CE
0.906,0.518,0.63,0.832,0.667,0.711,0.584,0.315,0.482,0.556,0.8,0.704,0.756,0.855,0.832,0.593,0.573,0.507,0.846,0.833,0.788,0.904,0.712,0.804,0.312,0.568,0.468,0.363,0.622,0.591,0.674,0.618,0.556,0.875,0.286,0.584,0.2,0.228,0.441,0.277,0.266,0.016,IT
0.97,0.95,0.996,0.369,0.445,0.344,0.664,0.445,0.594,0.682,0.312,0.546,0.432,0.877,0.626,0.537,0.308,0.52,0.728,0.596,0.581,0.789,0.498,0.741,0.965,0.815,0.984,0.374,0.496,0.386,0.485,0.669,0.682,0.758,0.408,0.302,0.688,0.453,0.013,0.633,0.011,0.343,CS
0.838,0.563,0.604,0.304,0.443,0.372,0.621,0.71,0.72,0.564,0.412,0.548,0.533,0.501,0.57,0.954,0.94,0.875,0.652,0.365,0.601,0.451,0.438,0.522,0.977,0.788,0.807,0.64,0.872,0.77,0.744,0.7,0.564,0.552,0.28,0.364,0.588,0.598,0.046,0.061,0.649,0.243,CE
0.794,0.561,0.684,0.984,0.531,0.792,0.421,0.385,0.46,0.891,0.768,0.761,0.468,0.938,0.661,0.873,0.5,0.775,0.94,0.33,0.689,0.419,0.451,0.427,0.703,0.528,0.631,0.419,0.316,0.382,0.67,0.545,0.891,0.68,0.281,0.527,0.232,0.609,0.139,0.224,0.201,0.436,CE
0.622,0.306,0.49,0.773,0.665,0.757,0.527,0.404,0.498,0.472,0.619,0.544,0.634,0.719,0.582,0.993,0.801,0.882,0.434,0.356,0.429,0.522,0.461,0.467,0.715,0.77,0.772,0.904,0.453,0.706,0.814,0.684,0.472,0.478,0.24,0.645,0.381,0.592,0.053,0.393,0.434,0.121,CS
0.574,0.879,0.656,0.604,0.953,0.779,0.808,0.879,0.784,0.453,0.831,0.693,0.342,0.526,0.414,0.88,0.595,0.823,0.998,0.847,0.955,0.574,0.347,0.475,0.553,0.546,0.587,0.625,0.826,0.705,0.611,0.669,0.453,0.786,0.44,0.121,0.169,0.403,0.03,0.114,0.557,0.299,MMA
0.444,0.574,0.595,0.387,0.478,0.385,0.7,0.588,0.56,0.74,0.369,0.576,0.655,0.646,0.564,0.747,0.602,0.657,0.718,0.724,0.624,0.388,0.466,0.462,0.704,0.83,0.815,0.897,0.564,0.7,0.701,0.68,0.74,0.553,0.376,0.419,0.631,0.405,0.617,0.094,0.214,0.075,IT
0.94,0.585,0.705,0.784,0.471,0.717,0.557,0.765,0.63,0.865,0.928,0.954,0.894,0.371,0.717,0.737,0.908,0.86,0.441,0.727,0.502,0.787,0.586,0.617,0.985,0.931,1.0,0.852,0.784,0.849,0.816,0.783,0.865,0.614,0.361,0.325,0.072,0.344,0.019,0.389,0.359,0.232,CE
0.949,0.687,0.808,0.978,0.625,0.829,0.561,0.745,0.697,0.737,0.66,0.659,0.751,0.936,0.745,0.394,0.384,0.473,0.764,0.966,0.882,0.623,0.855,0.671,0.567,0.626,0.556,0.56,0.355,0.397,0.572,0.69,0.737,0.694,0.34,0.284,0.34,0.09,0.156,0.605,0.077,0.162,CS
0.345,0.69,0.54,0.906,0.873,0.847,0.396,0.409,0.496,0.771,0.33,0.478,0.64,0.445,0.604,0.701,0.729,0.708,0.479,0.713,0.639,0.56,0.653,0.674,0.404,0.682,0.513,0.792,0.313,0.587,0.67,0.511,0.771,0.52,0.413,0.45,0.67,0.317,0.044,0.027,0.518,0.411,CE
0.926,0.664,0.801,0.795,0.526,0.568,0.461,0.467,0.431,0.96,0.863,0.999,0.999,0.604,0.747,0.692,0.917,0.798,0.654,0.394,0.508,0.571,0.546,0.636,0.342,0.981,0.563,0.962,0.684,0.863,0.845,0.783,0.96,0.612,0.24,0.434,0.137,0.53,0.058,0.299,0.601,0.042,CE
0.389,0.513,0.383,0.377,0.775,0.519,0.767,0.903,0.866,0.384,0.702,0.521,0.54,0.523,0.618,0.82,0.394,0.602,0.523,0.985,0.849,0.524,0.546,0.555,0.636,0.449,0.574,0.534,0.758,0.622,0.68,0.563,0.384,0.524,0.542,0.292,0.298,0.234,0.284,0.26,0.168,0.288,IT
0.623,0.381,0.438,0.472,0.344,0.451,0.557,0.365,0.525,0.779,0.617,0.647,0.406,0.621,0.591,0.432,0.698,0.657,0.746,0.608,0.72,0.877,0.713,0.87,0.66,0.881,0.861,0.651,0.724,0.709,0.419,0.61,0.779,0.812,0.34,0.627,0.383,0.34,0.33,0.376,0.006,0.287,MMA
0.849,0.79,0.862,0.329,0.609,0.533,0.954,0.461,0.723,0.863,0.827,0.869,0.313,0.807,0.615,0.806,0.836,0.807,0.996,0.84,0.933,0.954,0.936,1.0,0.695,0.669,0.648,0.476,0.659,0.583,0.56,0.76,0.863,0.975,0.178,0.374,0.173,0.112,0.064,0.581,0.185,0.17,CS
0.605,0.341,0.549,0.522,0.75,0.657,0.709,0.668,0.625,0.496,0.667,0.64,0.602,0.443,0.44,0.764,0.596,0.605,0.772,0.445,0.611,0.514,0.952,0.679,0.594,0.972,0.747,0.751,0.522,0.559,0.683,0.688,0.496,0.643,0.481,0.495,0.333,0.302,0.196,0.49,0.119,0.195,CS
0.726,0.591,0.681,0.482,0.565,0.512,0.905,0.544,0.751,0.449,0.477,0.493,0.834,0.623,0.696,0.937,0.395,0.71,0.783,0.783,0.87,0.81,0.511,0.631,0.574,0.322,0.53,0.351,0.79,0.617,0.886,0.661,0.449,0.796,0.491,0.432,0.523,0.353,0.43,0.187,0.299,0.084,IT
0.822,0.54,0.762,0.414,0.521,0.467,0.843,0.824,0.776,0.401,0.513,0.454,0.677,0.6,0.671,0.599,0.962,0.733,0.739,0.728,0.69,0.588,0.556,0.507,0.634,0.571,0.538,0.615,0.595,0.531,0.638,0.76,0.401,0.664,0.219,0.318,0.487,0.358,0.027,0.199,0.234,0.54,MMA
0.361,0.383,0.282,0.673,0.736,0.685,0.859,0.781,0.917,0.397,0.341,0.324,0.313,0.953,0.594,0.687,0.523,0.554,0.407,0.524,0.489,0.98,0.691,0.842,0.325,0.888,0.515,0.934,0.677,0.739,0.5,0.718,0.397,0.694,0.262,0.418,0.659,0.393,0.091,0.805,0.055,0.048,CS
0.383,0.718,0.468,0.836,0.943,0.976,0.376,0.691,0.453,0.7,0.87,0.793,0.91,0.861,0.841,0.741,0.305,0.502,0.467,0.956,0.692,0.758,0.812,0.84,0.815,0.502,0.696,0.684,0.718,0.601,0.826,0.481,0.7,0.612,0.417,0.296,0.13,0.116,0.077,0.687,0.088,0.148,CS
0.431,0.397,0.356,0.688,0.943,0.781,0.526,0.695,0.582,0.937,0.564,0.749,0.673,0.847,0.773,0.467,0.387,0.515,0.861,0.316,0.653,0.713,0.663,0.591,0.847,0.439,0.688,0.311,0.857,0.489,0.57,0.423,0.937,0.787,0.383,0.454,0.436,0.51,0.191,0.222,0.122,0.466,MMA
0.499,0.995,0.763,0.697,0.455,0.557,0.387,0.834,0.577,0.826,0.56,0.791,0.42,0.301,0.379,0.967,0.753,0.777,0.678,0.937,0.709,0.417,0.87,0.722,0.795,0.994,0.813,0.682,0.779,0.771,0.694,0.523,0.826,0.548,0.473,0.086,0.44,0.097,0.345,0.547,0.098,0.01,IT
0.554,0.77,0.605,0.867,0.454,0.562,0.656,0.809,0.702,0.824,0.607,0.65,0.363,0.797,0.558,0.939,0.678,0.778,0.544,0.392,0.487,0.708,0.86,0.724,0.504,0.368,0.395,0.6,0.975,0.818,0.651,0.603,0.824,0.626,0.262,0.21,0.393,0.374,0.643,0.166,0.066,0.125,IT
0.48,0.708,0.562,0.9,0.992,0.915,0.794,0.76,0.716,0.943,0.44,0.738,0.543,0.557,0.541,0.905,0.398,0.563,0.581,0.339,0.498,0.832,0.898,0.914,0.941,0.824,0.97,0.435,0.65,0.641,0.724,0.57,0.943,0.706,0.522,0.266,0.56,0.381,0.214,0.395,0.006,0.385,MMA
0.788,0.42,0.509,0.482,0.941,0.745,0.944,0.612,0.865,0.624,0.443,0.464,0.996,0.534,0.697,0.306,0.5,0.481,0.674,0.743,0.793,0.659,0.887,0.738,0.984,0.355,0.715,0.762,0.434,0.576,0.651,0.831,0.624,0.667,0.483,0.484,0.557,0.185,0.058,0.015,0.137,0.789,MMA
0.692,0.682,0.595,0.397,0.659,0.625,0.914,0.538,0.734,0.687,0.78,0.771,0.853,0.317,0.674,0.349,0.633,0.575,0.641,0.345,0.439,0.705,0.362,0.518,0.53,0.871,0.623,0.778,0.585,0.699,0.601,0.795,0.687,0.673,0.525,0.39,0.22,0.647,0.097,0.398,0.474,0.031,CS
0.877,0.903,0.803,0.722,0.716,0.622,0.54,0.978,0.77,0.953,0.773,0.769,0.354,0.806,0.591,0.389,0.73,0.621,0.827,0.472,0.601,0.977,0.921,0.913,0.877,0.413,0.584,0.427,0.361,0.465,0.372,0.615,0.953,0.902,0.232,0.06,0.227,0.304,0.185,0.064,0.404,0.347,CE
0.371,0.751,0.605,0.801,0.806,0.738,0.521,0.891,0.785,0.495,0.316,0.478,0.564,0.531,0.517,0.591,0.565,0.591,0.355,0.98,0.755,0.954,0.915,0.967,0.455,0.335,0.315,0.527,0.653,0.688,0.577,0.473,0.495,0.654,0.452,0.179,0.684,0.052,0.212,0.275,0.44,0.074,CE
0.953,0.67,0.767,0.955,0.738,0.843,0.706,0.824,0.696,0.905,0.972,0.952,0.778,0.902,0.815,0.995,0.776,0.87,0.774,0.665,0.642,0.857,0.695,0.835,0.408,0.677,0.596,0.992,0.919,1.0,0.887,0.884,0.905,0.816,0.161,0.253,0.028,0.32,0.113,0.725,0.074,0.088,CS
0.377,0.9,0.56,0.397,0.472,0.449,0.916,0.593,0.764,0.417,0.486,0.378,0.587,0.713,0.607,0.892,0.987,0.864,0.313,0.853,0.521,0.547,0.576,0.645,0.761,0.328,0.448,0.44,0.523,0.478,0.74,0.578,0.417,0.43,0.15,0.254,0.514,0.286,0.593,0.123,0.154,0.13,IT
0.306,0.969,0.565,0.501,0.391,0.444,0.953,0.37,0.65,0.316,0.84,0.606,0.79,0.631,0.792,0.587,0.66,0.662,0.664,0.433,0.512,0.365,0.603,0.506,0.383,0.741,0.641,0.536,0.455,0.575,0.688,0.598,0.316,0.514,0.355,0.33,0.16,0.482,0.401,0.038,0.179,0.382,IT
0.702,0.733,0.731,0.859,0.524,0.733,0.994,0.573,0.842,0.472,0.497,0.572,0.318,0.452,0.382,0.581,0.74,0.599,0.349,0.559,0.459,0.693,0.721,0.717,0.472,0.835,0.571,0.439,0.818,0.584,0.45,0.712,0.472,0.521,0.404,0.347,0.503,0.36,0.308,0.179,0.32,0.193,CS
0.996,0.55,0.798,0.922,0.747,0.847,0.698,0.648,0.735,0.335,0.92,0.645,0.894,0.307,0.675,0.384,0.805,0.578,0.777,0.74,0.691,0.66,0.494,0.589,0.817,0.357,0.59,0.732,0.507,0.71,0.639,0.809,0.335,0.718,0.444,0.401,0.08,0.383,0.401,0.11,0.062,0.426,MMA
0.563,0.435,0.405,0.697,0.719,0.636,0.721,0.966,0.939,0.922,0.865,0.835,0.41,0.611,0.534,0.895,0.462,0.675,0.753,0.612,0.673,0.458,0.991,0.719,0.673,0.453,0.566,0.479,0.442,0.415,0.652,0.588,0.922,0.606,0.464,0.3,0.135,0.198,0.001,0.233,0.135,0.631,MMA
0.328,0.33,0.407,0.389,0.302,0.281,0.877,0.862,0.837,0.768,0.655,0.792,0.339,0.869,0.538,0.574,0.434,0.545,0.775,0.684,0.769,0.748,0.844,0.743,0.6,0.406,0.489,0.791,0.784,0.829,0.456,0.665,0.768,0.762,0.349,0.404,0.345,0.236,0.077,0.226,0.095,0.602,MMA
0.54,0.722,0.681,0.934,0.607,0.743,0.601,0.527,0.595,0.953,0.388,0.683,0.928,0.37,0.648,0.906,0.93,0.921,0.317,0.374,0.363,0.387,0.405,0.45,0.825,0.89,0.779,0.439,0.883,0.705,0.917,0.527,0.953,0.352,0.35,0.375,0.612,0.61,0.183,0.512,0.223,0.082,CE
0.518,0.699,0.636,0.535,0.84,0.606,0.846,0.322,0.584,0.903,0.361,0.635,0.412,0.926,0.735,0.954,0.912,0.98,0.429,0.512,0.47,0.712,0.848,0.725,0.39,0.638,0.445,0.786,0.703,0.793,0.683,0.717,0.903,0.57,0.081,0.49,0.639,0.32,0.017,0.879,0.0,0.104,CS
0.776,0.332,0.47,0.354,0.707,0.61,0.689,0.722,0.675,0.313,0.315,0.392,0.372,1.0,0.619,0.772,0.964,0.841,0.814,0.546,0.641,0.441,0.875,0.609,0.498,0.999,0.714,0.596,0.993,0.768,0.572,0.687,0.313,0.628,0.018,0.473,0.685,0.29,0.16,0.616,0.131,0.093,CS
0.596,0.79,0.602,0.562,0.542,0.501,0.758,0.503,0.652,0.653,0.452,0.506,0.419,0.34,0.403,0.771,0.416,0.617,0.987,0.352,0.668,0.813,0.332,0.628,0.986,0.362,0.738,0.565,0.401,0.482,0.595,0.64,0.653,0.9,0.622,0.353,0.548,0.658,0.035,0.346,0.009,0.61,MMA
0.642,0.621,0.571,0.553,0.427,0.537,0.439,0.732,0.541,0.76,0.678,0.704,0.771,0.591,0.745,0.811,0.678,0.82,0.88,0.672,0.69,0.696,0.549,0.63,0.753,0.751,0.787,0.775,0.376,0.514,0.791,0.619,0.76,0.788,0.365,0.324,0.322,0.389,0.322,0.17,0.465,0.043,CE
0.434,0.691,0.563,0.486,0.586,0.443,0.326,0.366,0.362,0.905,0.482,0.6,0.796,0.899,0.775,0.57,0.411,0.412,0.754,0.977,0.901,0.989,0.604,0.876,0.444,0.383,0.454,0.56,0.522,0.575,0.683,0.44,0.905,0.871,0.345,0.472,0.518,0.21,0.129,0.27,0.113,0.487,MMA
0.519,0.674,0.501,0.854,0.734,0.733,0.451,0.484,0.483,0.684,0.492,0.627,0.922,0.33,0.61,0.715,0.711,0.617,0.447,0.343,0.409,0.752,0.412,0.548,0.531,0.874,0.641,0.684,0.848,0.832,0.818,0.551,0.684,0.6,0.48,0.421,0.508,0.622,0.242,0.078,0.381,0.298,IT
0.793,0.347,0.479,0.787,0.961,0.929,0.882,0.681,0.743,0.774,0.798,0.821,0.963,0.557,0.668,0.936,0.412,0.714,0.911,0.517,0.78,0.532,0.856,0.608,0.759,0.774,0.765,0.781,0.946,0.91,0.95,0.819,0.774,0.722,0.516,0.486,0.202,0.314,0.663,0.121,0.153,0.062,IT
0.99,0.339,0.636,0.508,0.571,0.623,0.558,0.942,0.734,0.898,0.665,0.744,0.615,0.597,0.558,0.503,0.431,0.434,0.737,0.571,0.696,0.991,0.564,0.77,0.415,0.575,0.54,0.452,0.427,0.415,0.559,0.667,0.898,0.864,0.486,0.36,0.335,0.433,0.208,0.119,0.386,0.287,CE
0.406,0.33,0.348,0.665,0.661,0.59,0.387,0.333,0.43,0.963,0.381,0.615,0.363,0.914,0.73,0.483,0.513,0.47,0.652,0.778,0.716,0.966,0.37,0.728,0.534,0.564,0.591,0.951,0.801,0.931,0.423,0.581,0.963,0.809,0.286,0.668,0.619,0.426,0.294,0.082,0.299,0.325,CE
